{"val_loss": [0.7539546437788415, 0.5926591710513435, 0.5173888259934177, 0.4742717433737566, 0.4399039806482855, 0.387957717083242, 0.362795972408977, 0.33676907842717524, 0.28305845853839584, 0.2659896016864853, 0.27662501628852404, 0.22497002408466396, 0.22627513422349424, 0.26138670584238055, 0.25705109417617056, 0.18967276600320163, 0.21492322098744612, 0.178496750210204, 0.2281018607002226, 0.14380014016368778, 0.2088355122397259, 0.1733444084153435, 0.25107634367344084, 0.09487583941286704, 0.12582043004401225, 0.09039627683650715, 0.1946495791159745, 0.14771393241841557, 0.128014789742645, 0.14410885403707394, 0.13599632307701093, 0.15788128112800348, 0.07921124233657477, 0.12022453190919702, 0.07730770218914912, 0.12980717028055527, 0.05924425790801503, 0.09342584097120935, 0.10585332828138211, 0.09505688324496261, 0.09531631295420917, 0.12840971325375827, 0.07067367700141303, 0.0593012082245186, 0.07588378762123298, 0.07930211799174613, 0.11823053239820096, 0.10909640511913533, 0.0872670906529396, 0.08799061672766686, 0.07227671610194254, 0.09235507465087164, 0.0790558115988821, 0.0743130644865896, 0.08763184636417524, 0.08932675823902445, 0.09388790526150675, 0.08771869918904339, 0.100454000325588, 0.10146935655521783], "val_acc": [0.7254118822362503, 0.7943085371049357, 0.8162755866200699, 0.8332501250210846, 0.8377433849821314, 0.8557164252131686, 0.8647029454328391, 0.8701947077893044, 0.8891662508323677, 0.9021467796814662, 0.886669995275308, 0.9206190713929107, 0.9171243135892209, 0.9031452820768847, 0.9046430352980414, 0.9281078384509398, 0.9256115824772725, 0.930604094067515, 0.9186220667508621, 0.9530703946166912, 0.929605591820885, 0.9400898650534083, 0.9121318021477668, 0.9700449328094022, 0.9545681477783325, 0.9695456816860871, 0.9390913629555666, 0.945082376435347, 0.9555666498761741, 0.9540688968633213, 0.9535696457400062, 0.9530703942595989, 0.9710434348477284, 0.9625561659596767, 0.9760359460808787, 0.9610584123814279, 0.9765351974124975, 0.9710434350560322, 0.9715426861793472, 0.9710434350560322, 0.9725411884259773, 0.9625561659596767, 0.9765351972041937, 0.9815277084373439, 0.9745381927109336, 0.9740389415876186, 0.9720419373026623, 0.9755366951658675, 0.9755366949575637, 0.9760359462891824, 0.9800299550673989, 0.9760359460808787, 0.9760359462891824, 0.9770344483275087, 0.9755366949575637, 0.9760359460808787, 0.9805292063990177, 0.9765351972041937, 0.9715426859710434, 0.9780329505741387], "loss": [0.902442994280809, 0.675973666755783, 0.5766181249351902, 0.5148613046064295, 0.4641227921916435, 0.424438545808635, 0.3919884093630272, 0.3652732604572431, 0.3377445182083728, 0.3108098159595781, 0.27380565909879895, 0.27097705507718856, 0.23459217214786704, 0.21654011318222977, 0.21276732546742774, 0.18475265213387404, 0.1691843471331294, 0.16011495312421964, 0.15125452947063084, 0.12993206489371825, 0.12635959985996567, 0.12028645599001477, 0.1104101934963563, 0.09485539325433437, 0.09495854321653344, 0.07542067801935995, 0.08087472250602332, 0.07542077098051073, 0.06641123530399604, 0.06152504490306243, 0.05232779256891621, 0.052678041420858385, 0.04745880009023416, 0.043808712719702984, 0.04139328825301935, 0.03879145300680705, 0.0355943844974956, 0.0401290079570388, 0.029674380799895872, 0.030840355603287534, 0.02486952136657087, 0.02703932504310527, 0.02997075153409661, 0.016864102187320495, 0.01830773184185683, 0.01930462848836825, 0.019160929807990463, 0.016865340875590957, 0.014176822364208471, 0.011636199590462226, 0.015474996671891486, 0.012890701559690746, 0.014675562044268979, 0.0112619238734037, 0.009629982504463619, 0.010523524309945104, 0.011245920793187055, 0.008964909086095962, 0.006296199870685695, 0.0090121156461416], "acc": [0.6866699949479734, 0.753369945100231, 0.7869196204917763, 0.8112830753155011, 0.825961058418333, 0.8398402396583938, 0.8519221167414414, 0.8603095357083584, 0.8781827259230364, 0.8813779330170279, 0.8991512730070429, 0.8974538192829964, 0.9109335996065506, 0.9193210183830185, 0.9196205691522321, 0.9312031951238677, 0.9385921117429785, 0.9429855217174239, 0.9436844732067434, 0.9524712930663609, 0.9548676983630484, 0.9550673989075991, 0.9594608086975467, 0.9683474786925542, 0.9651522715926111, 0.9722416375436844, 0.9701447827424399, 0.971342985527669, 0.9771342984628987, 0.9786320519280683, 0.9818272590220599, 0.982026959471386, 0.983924113739983, 0.9855217173405427, 0.9842236645151482, 0.9867199201198202, 0.9883175237144284, 0.9855217174238642, 0.9897154267704373, 0.9900149774444263, 0.9926110833749376, 0.9908137792417304, 0.9902146778937524, 0.9958062905641538, 0.9950074886775767, 0.9934098851722416, 0.9940089865202196, 0.9949076385421867, 0.9961058412381428, 0.9967049425861209, 0.9952071892161758, 0.9964053919121318, 0.9954068896655017, 0.9971043434847728, 0.9974038940694888, 0.9970044932601099, 0.9968047928107838, 0.9978032950574138, 0.9985022466300549, 0.9976035945188149]}