{"val_loss": [0.993846157938614, 1.0166185993405503, 0.8411697981004053, 0.8247541007076689, 0.7950674259121038, 0.8398276319577583, 0.7746143632094621, 0.7576739552076971, 0.78715353546533, 0.7454155515088954, 0.7426839138469992, 0.7616951054355471, 0.7418575699306761, 0.7332426089378696, 0.7646531701921166, 0.762427226847193, 0.7077696350771846, 0.715648023920302, 0.7069032632048822, 0.7505989478518829, 0.7496069040646032, 0.7344233591855316, 0.6733563526594454, 0.6844994065705622, 0.6995518636358302, 0.7002921847778145, 0.6821678267290636, 0.6769497833487634, 0.6708968934034385, 0.6669232016852422, 0.655406165557448, 0.6897494933989663, 0.6611434817909302, 0.6533105229057792, 0.6563309899610814, 0.6612834082325875, 0.6723297965627757, 0.6586443581583497, 0.6389179696634419, 0.6283395017199199, 0.6252959485477766, 0.6244485622278405, 0.6472670588264808, 0.634782874250912, 0.6594002035874696, 0.6279520834765908, 0.6400391100587335, 0.6276063722964234, 0.6560043697796402, 0.6360721263180836, 0.6108252217158995, 0.6377995574230322, 0.630869117398531, 0.6140689358851699, 0.6258395483835423, 0.5994581502940853, 0.6190950353325336, 0.6059964688432496, 0.6080541227438779, 0.6252287063846217], "val_acc": [0.6719920122498462, 0.6864702946176782, 0.698452321368935, 0.7069395907331096, 0.71492760870615, 0.6969545679097169, 0.7229156266791905, 0.7324013979626607, 0.7129306042724053, 0.7314028955672421, 0.7309036448010193, 0.7149276086466347, 0.7289066399506671, 0.7343984024559208, 0.7269096353086185, 0.7254118819386735, 0.7423864204884766, 0.7309036448010193, 0.7408886670590161, 0.7189216176926703, 0.7224163754666024, 0.7304043936777044, 0.7538691964735106, 0.7488766850915719, 0.7433849226755913, 0.7428856717605801, 0.7528706940185768, 0.7508736895253166, 0.7608587120511325, 0.7433849227351066, 0.7588617075429936, 0.746380429266693, 0.7518721916231583, 0.7578632053112424, 0.756365451881782, 0.7553669496351519, 0.7453819269605476, 0.7618572142977627, 0.7668497253226091, 0.7713429854324444, 0.772341487619559, 0.7688467298158692, 0.7673489768030164, 0.772840738653601, 0.7518721919802506, 0.7628557162765736, 0.7698452320624993, 0.7728407387428741, 0.7538691964139953, 0.767348976654228, 0.7733399902827967, 0.7668497256797013, 0.7633549678164961, 0.7743384925294268, 0.768846730024173, 0.7818272591708484, 0.7693459812962765, 0.7693459810879727, 0.7698452320624993, 0.7668497254713975], "loss": [1.0567307659226302, 0.9931950910056881, 0.9369235480480413, 0.8978813902235483, 0.8675495295065139, 0.8537706807501246, 0.8519889670375342, 0.8323409956333582, 0.8224661062136329, 0.8143077230489201, 0.8113574180612549, 0.8011679735055163, 0.7938014326426487, 0.7913270955792797, 0.7737312841105926, 0.7731789436033233, 0.7646110701132464, 0.7638971215596629, 0.7577902226940846, 0.7501645639546204, 0.7393615584402041, 0.7370566857735991, 0.7390150988750677, 0.7370367799290882, 0.7353035416712597, 0.726286699101738, 0.7194153415281893, 0.7185351884609095, 0.7148525205303655, 0.7120520625957178, 0.7131166991804221, 0.7100257147150044, 0.7042338536848619, 0.6990898068940348, 0.6996023284156978, 0.6936678323457673, 0.6997674114514874, 0.7018063774361232, 0.688897373815566, 0.690945030365714, 0.6838305687999583, 0.6830356416318991, 0.6853959644310961, 0.6796274046390817, 0.6820039070729785, 0.6757400836161358, 0.6772042541699117, 0.6730539013609789, 0.6704807089319005, 0.6682666380109039, 0.6654592407803147, 0.667877400593941, 0.669730661454584, 0.6638915063200507, 0.6619454001166257, 0.6595588964518463, 0.656989902094252, 0.6573141235026847, 0.6538918889169983, 0.6541510490257028], "acc": [0.6553170244930627, 0.6645032451620593, 0.6697953070691985, 0.6824762856133033, 0.6881677483060153, 0.6926610084277537, 0.6950574139089389, 0.6967548677222585, 0.7006490264900672, 0.7070394407673234, 0.707638542210526, 0.7103344982883303, 0.7135297054775465, 0.7118322516523239, 0.7212181727587432, 0.7213180229953093, 0.7226160759099769, 0.724013978965986, 0.7274088866104796, 0.733100349505544, 0.7322016974776254, 0.7302046928950923, 0.734797803312912, 0.7342985521003239, 0.7333999001676299, 0.7351972042115641, 0.741487768383188, 0.7377933100587537, 0.7416874688087078, 0.7425861208366265, 0.7399900149953883, 0.7421867198427499, 0.743884173673924, 0.7457813280258426, 0.7444832750397566, 0.7440838741946685, 0.7431852221846045, 0.7455816274991466, 0.7490763854456733, 0.7486769844517968, 0.7512730903049379, 0.752171742315002, 0.7528706938876429, 0.7488766848951712, 0.7525711432196055, 0.7551672491441651, 0.7541687469094381, 0.7560659011780353, 0.7559660509414692, 0.7578632052279209, 0.7583624563333813, 0.7580629055820223, 0.7577633549973064, 0.7569645531940508, 0.7612581127593354, 0.7623564653258531, 0.7573639540153329, 0.7603594608266414, 0.7592611083672515, 0.762056914639961]}