{"val_loss": [1.002867372495439, 0.6355605167980737, 0.5306137986574182, 0.4940415022823136, 0.44717920365121683, 0.4060819276529018, 0.37787256641680755, 0.32094573863018055, 0.26722218044924245, 0.29025469303012075, 0.26412573984963145, 0.24504412201066286, 0.23823372566634515, 0.25912645342190205, 0.23860670465471978, 0.19431467932340685, 0.20279283405719134, 0.1934216984259862, 0.17700874725662644, 0.10756700443912016, 0.12008551027973592, 0.11904281150146062, 0.21347277593267483, 0.09413270243125979, 0.10159618117815396, 0.1011030505924182, 0.10871156429313031, 0.08583567336413692, 0.06496010798471782, 0.1091579739604177, 0.11188793246352072, 0.09136607473938392, 0.06871581409123963, 0.0959064304080982, 0.06150867119598882, 0.08247935648377998, 0.07561606859962194, 0.053218810169534926, 0.0782324517377305, 0.06345721061936153, 0.04953265057609817, 0.07180848345904427, 0.04320445359135637, 0.06229147981365011, 0.061176436072605075, 0.07988207541605856, 0.06241673049277519, 0.07485368284589787, 0.05346184657213357, 0.05953012920239093, 0.05537781374332789, 0.036220061311454575, 0.053156404806690635, 0.05158688246731773, 0.04742876631878257, 0.04542937483387444, 0.08189326440180822, 0.05574721399312481, 0.03957839492016579, 0.06104011180347061], "val_acc": [0.682975536754473, 0.7688467299646576, 0.8082875686470294, 0.8177733398412266, 0.8322516224768777, 0.8497254121499959, 0.8587119319530588, 0.8721917124908684, 0.8976535197799348, 0.8901647530789978, 0.897653519571631, 0.9031452821364, 0.9081377935183388, 0.8976535197204194, 0.9136295558748041, 0.9291063406975699, 0.9281078380938477, 0.9266100849322063, 0.9375936095856215, 0.9595606588626944, 0.9585621567648527, 0.9615576637130467, 0.9370943586706103, 0.966550174946197, 0.9650524213679481, 0.9620569148363617, 0.963055416874688, 0.9690464303544682, 0.9750374438342486, 0.9655516724912631, 0.9625561656025845, 0.9660509236145781, 0.9745381927109336, 0.9670494260695119, 0.9800299550673989, 0.9685471792311533, 0.9725411882176734, 0.9815277082885555, 0.9720419373026623, 0.9760359460808787, 0.9805292061907139, 0.9765351974124975, 0.9865202196704943, 0.9775336994508238, 0.9770344483275087, 0.9730404393409885, 0.9785322019057576, 0.9750374436854602, 0.9835247131389079, 0.9775336996591276, 0.9815277086456478, 0.9880179730404394, 0.9820269597689628, 0.9845232151772342, 0.9830254618072891, 0.986520219878798, 0.9720419373026623, 0.9800299550673989, 0.9855217174238642, 0.9790314528207689], "loss": [1.134953578400481, 0.8826070524190464, 0.6594171012870323, 0.5464473621463156, 0.4890688093659048, 0.44918828994348176, 0.40493687547806556, 0.3666234565656065, 0.33641371931127473, 0.31756092754234033, 0.2774907995999246, 0.2571086465360162, 0.2283672712977624, 0.20855516834343546, 0.1978139092683554, 0.17810554955818625, 0.16267084711479118, 0.14692841185460492, 0.1307055432559607, 0.1176690558508165, 0.10769495179972467, 0.10609786620124602, 0.09100530677685664, 0.08857120054769801, 0.07879963924571745, 0.06863446960033207, 0.06858217066495167, 0.06342368516819928, 0.05003684146196781, 0.05264219089940793, 0.044756992512972604, 0.041532909158753024, 0.04410443959522414, 0.031783120405566856, 0.02920475321441993, 0.034265640016442465, 0.030592143829843134, 0.02390146703234745, 0.021028043371841453, 0.021716333702169414, 0.020703380708073565, 0.01817660172894426, 0.02053678668272894, 0.016932030967694786, 0.018439207537656745, 0.014388162224156911, 0.014202930247648264, 0.012815676510884532, 0.013877515738057665, 0.01105393847386449, 0.011180544552531351, 0.008631761272935847, 0.011108690384297418, 0.009786034611747025, 0.009136047265834129, 0.007505626970956951, 0.008901034966525001, 0.008229958808028171, 0.0068892288292352255, 0.00781592335463634], "acc": [0.6487269095819829, 0.6954568147956879, 0.7579630554347293, 0.8014977532985267, 0.8210683974098457, 0.8310534197987762, 0.8499251123434058, 0.8615077383090899, 0.8760858712051133, 0.8795806290683185, 0.8971542686030559, 0.9041437842461447, 0.9158262605257649, 0.9220169745441442, 0.9290064902705546, 0.9348976534363989, 0.9400898652021967, 0.9483774337599531, 0.9558662006096785, 0.9576635046595642, 0.9619570644033949, 0.9618572141787319, 0.9668497253285606, 0.9689465800405322, 0.9728407388916626, 0.9762356464409316, 0.9770344483275087, 0.9772341487768348, 0.9835247129306041, 0.9831253120319521, 0.9855217174238642, 0.9873190214677983, 0.9856215675592541, 0.9896155765517259, 0.9909136294663935, 0.9892161757363954, 0.9915127308143715, 0.9941088367448827, 0.9941088367448827, 0.9939091362062836, 0.9938092860708937, 0.9954068895762287, 0.9947079380928607, 0.9952071892161758, 0.9950074887668497, 0.9966050923614578, 0.9963055416874688, 0.9966050923614578, 0.9962056914628058, 0.9976035946080879, 0.9974038941587619, 0.9980029955067399, 0.9972041937094358, 0.9979031452820769, 0.9981028457314028, 0.998402396405392, 0.9973040439340989, 0.9981028457314028, 0.9986020968547179, 0.9983025461807289]}