{"val_loss": [0.7418637982961599, 0.60154976451391, 0.5004979258238584, 0.48093960677095493, 0.4479754977504789, 0.4007040936382663, 0.36392895009924753, 0.3267223518518466, 0.2842970366663654, 0.28963408537703755, 0.33160090815467475, 0.27109390093991, 0.2455866623537813, 0.24158655153238737, 0.25575846179211315, 0.20408822760484366, 0.22434593234964448, 0.17290683463773784, 0.18637886341369217, 0.17270288502223718, 0.17058617656625513, 0.2386745215429405, 0.21088922761763804, 0.09462647661529537, 0.19777978524097012, 0.1884440705886913, 0.12424670305257432, 0.14788441856206208, 0.09510396214604705, 0.1912653212506683, 0.12305093740582228, 0.2326270605972631, 0.12070150178377305, 0.16150817561465028, 0.10620517418854668, 0.17554893504878896, 0.12073962225267665, 0.12401343824800347, 0.10786718129739724, 0.09166031179245686, 0.12129303163588903, 0.12214012166063933, 0.09704999576861627, 0.08586453880670215, 0.056294315164007666, 0.10128370917732797, 0.10007460841967636, 0.17759671499855031, 0.08121966389582097, 0.1296719996508767, 0.11958150412744126, 0.06910465401655441, 0.08127564371457018, 0.09482546736381872, 0.12186575903273356, 0.11476694681805548, 0.12591808796541779, 0.10423475204508043, 0.08739604152460302, 0.08633141155468363], "val_acc": [0.734398402247617, 0.779331003762577, 0.8192710933599601, 0.8302546179241023, 0.8317523712940473, 0.8542186722003158, 0.8642036943095242, 0.8811782328593273, 0.8996505242731948, 0.8916625060918506, 0.8736894656525096, 0.8976535197799348, 0.9111332999011367, 0.9031452820768847, 0.9001497753965099, 0.9241138291073274, 0.9216175738478445, 0.9375936094368331, 0.9365951075472954, 0.9365951071902031, 0.9400898654105005, 0.9221168246140673, 0.9196205693545844, 0.9655516726995669, 0.9326010985607751, 0.9400898650534083, 0.9580629058498414, 0.9480778833835409, 0.964553170244633, 0.9331003494757864, 0.9585621567648527, 0.9355966053006652, 0.9570644033949076, 0.9545681479866363, 0.9655516724912631, 0.9490763854218672, 0.9660509236145781, 0.9635546678492146, 0.9635546678492146, 0.9715426859710434, 0.9665501747378932, 0.9660509236145781, 0.9680479281078382, 0.9700449328094022, 0.9830254618072891, 0.9680479281078382, 0.9695456816860871, 0.9535696455912178, 0.9730404393409885, 0.966550174946197, 0.964553170244633, 0.9775336994508238, 0.9770344485358126, 0.9705441837244134, 0.9690464303544682, 0.9710434348477284, 0.966550174946197, 0.9700449326010984, 0.9775336994508238, 0.9770344483275087], "loss": [0.9278491359083163, 0.6990175690938994, 0.6016824082380763, 0.5330251993147421, 0.4794291350255891, 0.4362545869675387, 0.40453616257494707, 0.3742121228830135, 0.342091267711808, 0.32214760622023586, 0.2881215070077198, 0.26956399752983023, 0.24388007350820218, 0.22715940716501123, 0.21753739776518485, 0.20072505879390257, 0.18110729987420146, 0.1645489833203781, 0.1548391144170323, 0.1357859103339229, 0.1286925623826664, 0.12065365445566249, 0.11500318417296788, 0.10572684227646557, 0.09981549648150496, 0.07924583355486542, 0.08034900443156957, 0.08504571714180444, 0.05891188203245104, 0.06164894791666829, 0.06370829177747889, 0.05361299743235141, 0.056156589454611834, 0.04744479665630351, 0.042615739051187505, 0.04419853193252996, 0.04809419738739744, 0.03531122847748023, 0.04005022326793988, 0.02853176757484987, 0.026511703471965156, 0.029502488390407262, 0.03263910291014361, 0.03297507848378589, 0.02590991928847995, 0.02524500661048363, 0.01798148178813967, 0.015998422012525354, 0.020967307745100566, 0.01590635124670692, 0.016549928824585145, 0.012127819180249595, 0.01710106772070735, 0.017113805895991378, 0.012909967537306312, 0.01046455922756015, 0.013979499340331701, 0.009838147196257082, 0.00984050396270027, 0.00909788683825184], "acc": [0.6826759859555016, 0.7468796804019111, 0.7788317523892975, 0.8074887667783069, 0.8214677982192247, 0.8373439840418186, 0.854418372363968, 0.860409385938973, 0.8737893159485911, 0.880079880185682, 0.8933599600658617, 0.8985521717542895, 0.9088367447993545, 0.9153270094084014, 0.9186220669056021, 0.9239141287234683, 0.9329006489371873, 0.9412880679041044, 0.9421867199260714, 0.9501747378991118, 0.9527708436451253, 0.9535696454424294, 0.9564653020528812, 0.9617573639540689, 0.9641537693459811, 0.9716425361957064, 0.9707438841737394, 0.9698452321517723, 0.9792311532700949, 0.9801298052027888, 0.9773339989122247, 0.9830254618072891, 0.9800299549781258, 0.9841238142785821, 0.9848227657679016, 0.9852221667498752, 0.9830254618072891, 0.9885172241637543, 0.9869196205691463, 0.9920119819376865, 0.9907139291063405, 0.9900149774444263, 0.9887169245238073, 0.9892161757363954, 0.9915127309036446, 0.9923115327009486, 0.9952071891269026, 0.9950074887668497, 0.9929106340489267, 0.9961058412381428, 0.9944083874188717, 0.9962056914628058, 0.9955067398901648, 0.9942086869695457, 0.9958062905641538, 0.9977034447434778, 0.9961058412381428, 0.9976035946080879, 0.9975037443834248, 0.9972041937094358]}