{"val_loss": [1.2738480800042078, 1.1356375931027052, 1.1674455751256234, 1.1708747019365437, 1.2564946854049066, 1.2626584561776948, 1.2609623272420165, 1.2353275251340938, 1.2575688854313707, 1.2164607617001622, 1.1591313774444076, 1.2080596314033627, 1.2404676838273474, 1.241919143224917, 1.243918455664777, 1.2399599994353754, 1.2689225469835388, 1.25783711996188, 1.2590706346038574, 1.2737230448739503, 1.2480664645441162, 1.2570120038476755, 1.2720912884189912, 1.2839853309478035, 1.2820886352094363, 1.3058511989448764, 1.3039790638315636, 1.292778783539683, 1.298446128443367, 1.2925037111095707, 1.2978245534125532, 1.2982081034394186, 1.2942036561113681, 1.2879046661759757, 1.2837547328075765, 1.2950430563313926, 1.2853843395077937, 1.2992168885139126, 1.294477784419381, 1.30484813014329, 1.3056317130982489, 1.3128461315818745, 1.2922229786485775, 1.3128078495093245, 1.2972972037133965, 1.3046647947071435, 1.3198601132443828, 1.3128441579926329, 1.3282872608049596, 1.3390705597085233, 1.354282674465665, 1.3498172209195, 1.353390240276449, 1.3526257522928673, 1.3441422921207864, 1.3633743091279487, 1.3449856999869116, 1.3732294825036349, 1.3764038914986627, 1.3758771219553498], "val_acc": [0.6615077385114422, 0.6615077383031384, 0.6625062406092838, 0.667498751842434, 0.6420369445533676, 0.6475287070586213, 0.6515227160302627, 0.656015976140098, 0.6515227160451416, 0.6615077385114422, 0.6645032454001207, 0.6615077381543499, 0.6560159763037653, 0.6555167248828734, 0.6600099849927086, 0.6610084873881271, 0.6540189716617167, 0.6560159757978846, 0.6575137293761335, 0.6530204690579944, 0.6620069896347571, 0.6620069895752417, 0.6565152269211996, 0.6600099851266182, 0.6590114830436554, 0.650524213858027, 0.6555167248828734, 0.6540189716617167, 0.6500249626751965, 0.6540189716468379, 0.6480279581670575, 0.6540189715129283, 0.6585122317715519, 0.6645032453108477, 0.6620069894859687, 0.659011482894867, 0.6689965054206829, 0.6635047429898234, 0.6605092362052967, 0.6724912630160689, 0.6724912632838881, 0.6719920120415424, 0.6704942585823241, 0.6714927608289543, 0.6704942586418395, 0.6724912632243727, 0.6704942585823241, 0.6694957563952095, 0.6714927606206504, 0.6719920122498462, 0.6709935098395488, 0.6729905144964762, 0.6714927609777427, 0.6714927606206504, 0.670494258790628, 0.6719920117439655, 0.6704942587311126, 0.6724912632838881, 0.6709935098544276, 0.6714927611265311], "loss": [0.9819081744371625, 0.8477776213877807, 0.7956167372595472, 0.7426620763537293, 0.7085870598115983, 0.6823650097347056, 0.6515748578134443, 0.6304445071156122, 0.6094132765138144, 0.5820342941576996, 0.5667347629250018, 0.5432121836895116, 0.5361951491503018, 0.520248381355317, 0.5038557446633823, 0.4823267592558906, 0.47887734658588366, 0.47156600252247666, 0.46085809379652387, 0.44384256979851383, 0.43890664626881887, 0.41827296912521345, 0.4108011700067887, 0.40847411812304024, 0.3981569070966019, 0.3884511638598268, 0.3857443344158586, 0.38311033627419133, 0.3717350898387726, 0.36433453472090316, 0.35836726475285696, 0.3568241806340944, 0.3490940759614058, 0.34892994723525933, 0.34129043358954203, 0.3286162376076474, 0.3347924542156268, 0.3237322751099743, 0.3202018194134927, 0.31235560629585657, 0.31671752049752727, 0.30407423325556254, 0.3052147003780647, 0.3002132598022431, 0.3015425063703159, 0.2923347138578869, 0.29207131854903384, 0.29701776356769694, 0.2849336245687259, 0.28528984212095715, 0.28178211868077113, 0.27586327665487764, 0.27087382686269085, 0.2600401020680912, 0.27120613076361905, 0.2629417315787574, 0.26658450348104645, 0.2565461071175572, 0.2546092625058298, 0.2549773221365881], "acc": [0.6632051921462155, 0.6833749375340942, 0.7129306041117138, 0.7248127808585145, 0.7323015476130154, 0.7426859710731926, 0.76135796306732, 0.7727408886967572, 0.7828257612865446, 0.7903145281422216, 0.7946080878860523, 0.8032950573484122, 0.8028956565390333, 0.8123814278701158, 0.815576635059332, 0.8249625560883814, 0.8261607587902889, 0.831652521253882, 0.8346480279759175, 0.8415376934776649, 0.8412381427144028, 0.8478282576314342, 0.8510234647194743, 0.8495257113435777, 0.8557164253679086, 0.8563155266325652, 0.8591113330243054, 0.8589116324797548, 0.8623065402016185, 0.8650024962675197, 0.8691962057033659, 0.8706939590792625, 0.8708936595285885, 0.8702945581687074, 0.8769845232270803, 0.8794807787543824, 0.8753869196324722, 0.88377433840894, 0.8823764352577065, 0.8868696954627663, 0.8838741886336031, 0.8905641537812491, 0.8897653518827688, 0.8907638541353504, 0.8881677482941124, 0.8937593609764167, 0.8960559160424898, 0.8926610084932206, 0.8940589116504057, 0.8974538191818203, 0.8962556165870403, 0.898751872197664, 0.9039440838860918, 0.9030454317748516, 0.9006490264662611, 0.9046430354527812, 0.9043434847847438, 0.9054418372500853, 0.9078382425467729, 0.9072391411987948]}