{"val_loss": [0.8050195860862732, 0.7452528482675552, 0.6933220362663269, 0.672690680027008, 0.6234228950738907, 0.6385282224416733, 0.5738116508722305, 0.6329912376403809, 0.5354382413625717, 0.5506301671266556, 0.5022282400727272, 0.5011586654186249, 0.4692633306980133, 0.43976936012506485, 0.43924306213855746, 0.43340436190366743, 0.42410553723573685, 0.4215312293171883, 0.40301390618085864, 0.384842677116394, 0.37975375577807424, 0.3935438531637192, 0.5668209111690521, 0.3565103554725647, 0.37174922406673433, 0.43464307188987733, 0.34604457959532736, 0.32670560538768767, 0.4048124518990517, 0.3216446137428284, 0.3307929639518261, 0.34427194207906725, 0.3041647094488144, 0.3402485939860344, 0.32203690588474276, 0.28332534685730937, 0.30080069780349733, 0.2756329715996981, 0.2906874905526638, 0.28784184619784353, 0.38736862391233445, 0.267538228482008, 0.3137168765068054, 0.3083187454938889, 0.2814585892856121, 0.2534529848396778, 0.2711775965988636, 0.28896057479083537, 0.27675463281571866, 0.2506040491163731], "val_acc": [0.6, 0.63875, 0.65125, 0.66, 0.72625, 0.70125, 0.7375, 0.71125, 0.7425, 0.745, 0.775, 0.78125, 0.79375, 0.81625, 0.80875, 0.80375, 0.81875, 0.81625, 0.81625, 0.83125, 0.83125, 0.82625, 0.75875, 0.855, 0.84375, 0.8125, 0.8425, 0.86125, 0.8325, 0.855, 0.8525, 0.84125, 0.86875, 0.85, 0.8675, 0.89875, 0.87125, 0.88375, 0.88125, 0.875, 0.835, 0.8975, 0.87, 0.87875, 0.885, 0.9025, 0.89375, 0.88375, 0.88875, 0.9], "loss": [1.1047024239599705, 0.9643809588253498, 0.8492143985629081, 0.7993934851884842, 0.7561626270413399, 0.7124301777780055, 0.6701069428026676, 0.6487075591087341, 0.6259023310244083, 0.5998651951551437, 0.5839623026549816, 0.5566312674432993, 0.5189242666959762, 0.5164728406444192, 0.501502533107996, 0.48001850590109824, 0.46269284904003144, 0.4600426021963358, 0.4463387855142355, 0.4127645816281438, 0.4051662150025368, 0.41540058389306067, 0.39195312943309546, 0.3857874509319663, 0.3925812342762947, 0.3450121811032295, 0.35384550804272297, 0.3387929330393672, 0.3495405997335911, 0.3313871292024851, 0.3121945668943226, 0.319076059833169, 0.3178535023704171, 0.2946210223250091, 0.30536623269319535, 0.28977027678862216, 0.29238657841458915, 0.2768734754994512, 0.28157010808587074, 0.26491053024306893, 0.26289313066750764, 0.24435823813080787, 0.24446083255112172, 0.24227930955588817, 0.2444221229478717, 0.23272757360711693, 0.22428325494751333, 0.23788721954450012, 0.2337787225842476, 0.20537827018648386], "acc": [0.52625, 0.5715625, 0.6259375, 0.645, 0.648125, 0.675, 0.68375, 0.7071875, 0.7175, 0.725, 0.73, 0.749375, 0.75625, 0.7690625, 0.7759375, 0.7890625, 0.79375, 0.791875, 0.8025, 0.8134375, 0.819375, 0.819375, 0.8296875, 0.833125, 0.8359375, 0.859375, 0.846875, 0.863125, 0.855625, 0.865625, 0.8715625, 0.86625, 0.8671875, 0.8796875, 0.8721875, 0.8884375, 0.8815625, 0.8940625, 0.88125, 0.89, 0.8978125, 0.905, 0.9075, 0.9059375, 0.901875, 0.909375, 0.9103125, 0.9075, 0.90625, 0.9234375]}