{"loss": [1.0850862264633179, 0.8637225031852722, 0.8173918128013611, 0.7603155970573425, 0.7196438312530518, 0.683834969997406, 0.6631532311439514, 0.6343075037002563, 0.6310374736785889, 0.6116389632225037, 0.6040134429931641, 0.5879510045051575, 0.5788611769676208, 0.5679278373718262, 0.555671751499176, 0.5463922023773193, 0.5504711866378784, 0.5353027582168579, 0.5261030793190002, 0.511422872543335, 0.5255915522575378, 0.5077881813049316, 0.502345621585846, 0.5017749071121216, 0.4923838973045349, 0.4865964353084564, 0.4799991846084595, 0.48189088702201843, 0.4747742712497711, 0.4732729494571686, 0.4660674035549164, 0.46399468183517456, 0.46018004417419434, 0.4626478850841522, 0.4550071358680725, 0.4486711919307709, 0.45126864314079285, 0.4403177499771118, 0.43428486585617065, 0.43831244111061096, 0.4379675090312958, 0.433337926864624, 0.4246727526187897, 0.42853114008903503, 0.42455974221229553, 0.4181804060935974, 0.4172615706920624, 0.41782015562057495, 0.4141210913658142, 0.41299813985824585, 0.40977904200553894, 0.40379923582077026, 0.4051816761493683, 0.40420061349868774, 0.4051271378993988, 0.3950449526309967, 0.3991577923297882, 0.39281195402145386, 0.39681652188301086, 0.38998010754585266], "accuracy": [0.6659011244773865, 0.6988517045974731, 0.7123314738273621, 0.7277084589004517, 0.7399899959564209, 0.7538691759109497, 0.7566649913787842, 0.7661507725715637, 0.7707439064979553, 0.7768347263336182, 0.7761358022689819, 0.7862206697463989, 0.7874188423156738, 0.7905142307281494, 0.799301028251648, 0.799301028251648, 0.8017973303794861, 0.8039939999580383, 0.8082875609397888, 0.8151772618293762, 0.8116824626922607, 0.8141787052154541, 0.813080370426178, 0.8155766129493713, 0.8211682438850403, 0.8192710876464844, 0.8229655623435974, 0.8208686709403992, 0.8255616426467896, 0.8245631456375122, 0.826859712600708, 0.8301547765731812, 0.8303544521331787, 0.8303544521331787, 0.835446834564209, 0.8326510190963745, 0.835446834564209, 0.8389415740966797, 0.8379430770874023, 0.8380429148674011, 0.836944580078125, 0.8405392169952393, 0.8420369625091553, 0.841437816619873, 0.8454318642616272, 0.8441337943077087, 0.8459311127662659, 0.8462306261062622, 0.8493260145187378, 0.8465301990509033, 0.8481277823448181, 0.8494258522987366, 0.8486270308494568, 0.8528207540512085, 0.8481277823448181, 0.8525212407112122, 0.8467299342155457, 0.8529205918312073, 0.856315553188324, 0.856315553188324], "val_loss": [0.8171260952949524, 0.7541177868843079, 0.7507905960083008, 0.7289267778396606, 0.6640591025352478, 0.6763400435447693, 0.6318081617355347, 0.6493940353393555, 0.6137338876724243, 0.6871026754379272, 0.6000559329986572, 0.606694221496582, 0.5822202563285828, 0.6073864102363586, 0.5533977746963501, 0.5284450650215149, 0.55266934633255, 0.5159016847610474, 0.6099799871444702, 0.5468653440475464, 0.5034809112548828, 0.511439859867096, 0.6373327970504761, 0.5524534583091736, 0.5030186176300049, 0.5233488082885742, 0.49083036184310913, 0.5121635794639587, 0.4963838458061218, 0.4874100387096405, 0.5204317569732666, 0.4938264489173889, 0.5145106315612793, 0.5273028016090393, 0.528022825717926, 0.5071920156478882, 0.517542839050293, 0.4943615198135376, 0.46731722354888916, 0.5062702894210815, 0.5026906728744507, 0.503076434135437, 0.4788345396518707, 0.4653816521167755, 0.46848151087760925, 0.5160073041915894, 0.4780440628528595, 0.5285333395004272, 0.4739709794521332, 0.5121827125549316, 0.472818523645401, 0.47629860043525696, 0.4667471945285797, 0.48834067583084106, 0.43529996275901794, 0.5260255932807922, 0.45081108808517456, 0.47694069147109985, 0.4331013858318329, 0.4437705874443054], "val_accuracy": [0.7034448385238647, 0.7333999276161194, 0.7368946671485901, 0.7353969216346741, 0.7648527026176453, 0.7568647265434265, 0.7648527026176453, 0.7648527026176453, 0.7668496966362, 0.7668496966362, 0.7893159985542297, 0.7838242650032043, 0.7793310284614563, 0.781328022480011, 0.8032950758934021, 0.8122815489768982, 0.7978032827377319, 0.8067898154258728, 0.7888167500495911, 0.7978032827377319, 0.8192710876464844, 0.8177733421325684, 0.7613579630851746, 0.7943085432052612, 0.8147778511047363, 0.8062905669212341, 0.8162755966186523, 0.8177733421325684, 0.8207688331604004, 0.8192710876464844, 0.8042935729026794, 0.8107838034629822, 0.8057913184165955, 0.8032950758934021, 0.8017973303794861, 0.8072890639305115, 0.8217673301696777, 0.8192710876464844, 0.8222665786743164, 0.8052920699119568, 0.8157763481140137, 0.8052920699119568, 0.8222665786743164, 0.8252621293067932, 0.8222665786743164, 0.8012980818748474, 0.8272591233253479, 0.800798773765564, 0.8287568688392639, 0.816774845123291, 0.8162755966186523, 0.8262606263160706, 0.8272591233253479, 0.8142786026000977, 0.8277583718299866, 0.800798773765564, 0.831752359867096, 0.8227658271789551, 0.834747850894928, 0.8357464075088501]}