{"loss": [0.8426091074943542, 0.7998495101928711, 0.7540347576141357, 0.7208083868026733, 0.6790431141853333, 0.6457732915878296, 0.6226757168769836, 0.6106001734733582, 0.5982425808906555, 0.5661224722862244, 0.5468454360961914, 0.5260428786277771, 0.4989217519760132, 0.48187872767448425, 0.4652729630470276, 0.45065122842788696, 0.44164255261421204, 0.4214904010295868, 0.38349077105522156, 0.3862350285053253, 0.3685076832771301, 0.3361104726791382, 0.3289197087287903, 0.32510825991630554, 0.28739452362060547, 0.2791763246059418, 0.27181074023246765, 0.2647031843662262, 0.2531670331954956, 0.22456614673137665, 0.2331462800502777, 0.2098911553621292, 0.19855497777462006, 0.18686936795711517, 0.17728330194950104, 0.18179947137832642, 0.1684824675321579, 0.15831483900547028, 0.14543011784553528, 0.13752031326293945, 0.13912202417850494, 0.1300162822008133, 0.1226348727941513, 0.12067162990570068, 0.1192021369934082, 0.11253069341182709, 0.09618683159351349, 0.10747690498828888, 0.09956474602222443, 0.08942054957151413, 0.08984704315662384, 0.07992386817932129, 0.08169993758201599, 0.06658618152141571, 0.08674196153879166, 0.0838172510266304, 0.06876198947429657, 0.06435737758874893, 0.06987031549215317, 0.0564577654004097], "accuracy": [0.6738682985305786, 0.6755144000053406, 0.6823045015335083, 0.6925926208496094, 0.7106996178627014, 0.7263374328613281, 0.7399176955223083, 0.7512345910072327, 0.7479423880577087, 0.7644032835960388, 0.7753086686134338, 0.7814815044403076, 0.7958847880363464, 0.8030864000320435, 0.8125514388084412, 0.8146090507507324, 0.8238683342933655, 0.8353909254074097, 0.8481481671333313, 0.8442386984825134, 0.8512345552444458, 0.8683127760887146, 0.8689300417900085, 0.8722222447395325, 0.8884773850440979, 0.8903292417526245, 0.8989711999893188, 0.8960905075073242, 0.8987654447555542, 0.9160493612289429, 0.9078189134597778, 0.9193415641784668, 0.923662543296814, 0.9281892776489258, 0.934567928314209, 0.9339506030082703, 0.9312757253646851, 0.9388889074325562, 0.9465020298957825, 0.9467078447341919, 0.9436213970184326, 0.9506173133850098, 0.9543209671974182, 0.9563785791397095, 0.9551440477371216, 0.9582304358482361, 0.9648148417472839, 0.9569959044456482, 0.9641975164413452, 0.9676954746246338, 0.9664608836174011, 0.9705761075019836, 0.9707819223403931, 0.9769547581672668, 0.9672839641571045, 0.9701645970344543, 0.9759259223937988, 0.9759259223937988, 0.9734567999839783, 0.9794238805770874], "val_loss": [0.801586389541626, 0.7651323676109314, 0.7778423428535461, 0.763775110244751, 0.6836719512939453, 0.629429280757904, 0.6619375944137573, 0.620686411857605, 0.6350347399711609, 0.6401437520980835, 0.5731234550476074, 0.5449532270431519, 0.5274055004119873, 0.5639709830284119, 0.5155562162399292, 0.5088021755218506, 0.47303661704063416, 0.48000240325927734, 0.5099086761474609, 0.4453763961791992, 0.461932510137558, 0.4542691111564636, 0.38914257287979126, 0.4203888177871704, 0.446126788854599, 0.4549027979373932, 0.39639848470687866, 0.37494993209838867, 0.35735592246055603, 0.3684645891189575, 0.3685265779495239, 0.37763354182243347, 0.3678901493549347, 0.4477407932281494, 0.3361394703388214, 0.3300761580467224, 0.31504958868026733, 0.3822058141231537, 0.3460131287574768, 0.3569871783256531, 0.3250994384288788, 0.30546456575393677, 0.3124251961708069, 0.3261338174343109, 0.35146117210388184, 0.35516709089279175, 0.36110687255859375, 0.3561866879463196, 0.35644328594207764, 0.36996322870254517, 0.32635101675987244, 0.3378884792327881, 0.3372688889503479, 0.33571258187294006, 0.41619110107421875, 0.2934640347957611, 0.4196530878543854, 0.3321515619754791, 0.29458320140838623, 0.3495047092437744], "val_accuracy": [0.6866666674613953, 0.6866666674613953, 0.6977777481079102, 0.6866666674613953, 0.7370370626449585, 0.7370370626449585, 0.7200000286102295, 0.7481481432914734, 0.7348148226737976, 0.7377777695655823, 0.7674074172973633, 0.7711111307144165, 0.7837036848068237, 0.7637037038803101, 0.7985185384750366, 0.7918518781661987, 0.8103703856468201, 0.804444432258606, 0.8029629588127136, 0.8288888931274414, 0.8177777528762817, 0.8251851797103882, 0.8451851606369019, 0.8318518400192261, 0.8399999737739563, 0.8088889122009277, 0.8437036871910095, 0.8674073815345764, 0.8666666746139526, 0.8703703880310059, 0.8629629611968994, 0.8762962818145752, 0.872592568397522, 0.8607407212257385, 0.8859259486198425, 0.8814814686775208, 0.8985185027122498, 0.8755555748939514, 0.8962963223457336, 0.8911111354827881, 0.8777777552604675, 0.897777795791626, 0.9081481695175171, 0.9014815092086792, 0.8881481289863586, 0.8837037086486816, 0.8881481289863586, 0.8903703689575195, 0.9044444561004639, 0.9162963032722473, 0.9044444561004639, 0.897777795791626, 0.9088888764381409, 0.914814829826355, 0.902222216129303, 0.9222221970558167, 0.8970370292663574, 0.9140740633010864, 0.9266666769981384, 0.9118518233299255]}