{"loss": [0.9756640195846558, 0.8048598766326904, 0.7492672801017761, 0.7045688629150391, 0.6685804724693298, 0.6458419561386108, 0.6227019429206848, 0.6013652086257935, 0.5904055833816528, 0.5751270651817322, 0.5699118971824646, 0.5547242760658264, 0.5469340085983276, 0.5329375267028809, 0.5275322794914246, 0.520025372505188, 0.5108715295791626, 0.5082986354827881, 0.4954988956451416, 0.48705753684043884, 0.4946405589580536, 0.4826190769672394, 0.4746452569961548, 0.4755392372608185, 0.46734413504600525, 0.4611663520336151, 0.45759767293930054, 0.45461827516555786, 0.44635429978370667, 0.448673278093338, 0.44094210863113403, 0.4354718029499054, 0.4343443810939789, 0.4320303797721863, 0.42798176407814026, 0.41832056641578674, 0.42415425181388855, 0.4125424027442932, 0.40258339047431946, 0.40927574038505554, 0.40681642293930054, 0.4051516652107239, 0.4031659662723541, 0.390568345785141, 0.3945634067058563, 0.39239004254341125, 0.38766780495643616, 0.38471680879592896, 0.387220561504364, 0.3806512951850891, 0.37787705659866333, 0.3715756833553314, 0.37466880679130554, 0.3741123080253601, 0.37099263072013855, 0.3729104697704315, 0.3672150671482086, 0.3598906695842743, 0.36249902844429016, 0.36057597398757935], "accuracy": [0.6791812181472778, 0.7180229425430298, 0.7308037877082825, 0.7520719170570374, 0.7617573738098145, 0.7664503455162048, 0.7758362293243408, 0.7803295254707336, 0.7861208319664001, 0.7900149822235107, 0.7942087054252625, 0.7991013526916504, 0.7988017797470093, 0.8048926591873169, 0.8070893883705139, 0.8058911561965942, 0.8140788674354553, 0.8164752721786499, 0.8195706605911255, 0.8225661516189575, 0.8207688331604004, 0.82236647605896, 0.8248627185821533, 0.8264603018760681, 0.8243634700775146, 0.829056441783905, 0.8319520950317383, 0.8316525220870972, 0.8378432393074036, 0.8342486023902893, 0.8397403955459595, 0.842536211013794, 0.8416375517845154, 0.8419370651245117, 0.8404393196105957, 0.8465301990509033, 0.8422366380691528, 0.850024938583374, 0.8496255874633789, 0.8487269282341003, 0.8488267660140991, 0.8529205918312073, 0.8526210784912109, 0.8547179102897644, 0.8523215055465698, 0.8527209162712097, 0.8568148016929626, 0.8577134013175964, 0.8580129742622375, 0.8619071245193481, 0.860808789730072, 0.860109806060791, 0.8626061081886292, 0.8622066974639893, 0.8650025129318237, 0.8620069622993469, 0.8616076111793518, 0.8675985932350159, 0.8680978417396545, 0.8658012747764587], "val_loss": [0.8976556062698364, 0.7179816365242004, 0.6867271661758423, 0.6718109250068665, 0.6217241287231445, 0.6296030282974243, 0.6080012917518616, 0.566300630569458, 0.6022998690605164, 0.6278648376464844, 0.5642539262771606, 0.5907139778137207, 0.5612821578979492, 0.5603469610214233, 0.5321747064590454, 0.5351904034614563, 0.55293208360672, 0.4947735667228699, 0.5552788972854614, 0.5003377199172974, 0.49565351009368896, 0.48724764585494995, 0.6159248352050781, 0.5170259475708008, 0.49750271439552307, 0.5216171741485596, 0.47060179710388184, 0.4900684952735901, 0.49274250864982605, 0.48110708594322205, 0.4946886897087097, 0.490806519985199, 0.4768854081630707, 0.5412407517433167, 0.5119938254356384, 0.5290607213973999, 0.4787214398384094, 0.4692704975605011, 0.4777858853340149, 0.5372462272644043, 0.47163787484169006, 0.5581551790237427, 0.45080357789993286, 0.4698071777820587, 0.42361584305763245, 0.5005984902381897, 0.47643622756004333, 0.5360410809516907, 0.43517324328422546, 0.5158366560935974, 0.45797789096832275, 0.49505293369293213, 0.466958224773407, 0.4887286424636841, 0.4343758821487427, 0.5201773643493652, 0.42552971839904785, 0.4131886959075928, 0.4415702521800995, 0.46316656470298767], "val_accuracy": [0.7089365720748901, 0.7393909096717834, 0.7618572115898132, 0.7618572115898132, 0.7778332233428955, 0.7808287739753723, 0.7868197560310364, 0.7968047857284546, 0.781328022480011, 0.787319004535675, 0.800798773765564, 0.7903145551681519, 0.8062905669212341, 0.8052920699119568, 0.8017973303794861, 0.8077883124351501, 0.7938092947006226, 0.8177733421325684, 0.8122815489768982, 0.8177733421325684, 0.8202695846557617, 0.8202695846557617, 0.7758362293243408, 0.8072890639305115, 0.8187718391418457, 0.8052920699119568, 0.8242636322975159, 0.8227658271789551, 0.8262606263160706, 0.8227658271789551, 0.8222665786743164, 0.8127808570861816, 0.8237643241882324, 0.8062905669212341, 0.813779354095459, 0.7973040342330933, 0.8337493538856506, 0.8312531113624573, 0.8217673301696777, 0.8022965788841248, 0.8212680816650391, 0.7958062887191772, 0.8292561173439026, 0.8237643241882324, 0.850723922252655, 0.8257613778114319, 0.8292561173439026, 0.8117823004722595, 0.8412381410598755, 0.8102845549583435, 0.8187718391418457, 0.8202695846557617, 0.8247628808021545, 0.8117823004722595, 0.8377434015274048, 0.8052920699119568, 0.8397403955459595, 0.8447328805923462, 0.8457313776016235, 0.8267598748207092]}