{"loss": [0.8302526473999023, 0.7573310732841492, 0.7071717977523804, 0.6962018609046936, 0.6447765231132507, 0.6062048673629761, 0.5888354778289795, 0.5694891810417175, 0.5541229844093323, 0.5207310318946838, 0.5084041953086853, 0.5057361125946045, 0.4692349135875702, 0.45288988947868347, 0.4280930459499359, 0.4158118665218353, 0.4033200740814209, 0.38147634267807007, 0.3596113622188568, 0.3554549217224121, 0.3229570686817169, 0.3192718029022217, 0.29354721307754517, 0.27979758381843567, 0.2682994306087494, 0.2601148188114166, 0.2539924085140228, 0.2385793924331665, 0.21473146975040436, 0.21307353675365448, 0.2100129872560501, 0.18447405099868774, 0.18041105568408966, 0.17440620064735413, 0.1602604240179062, 0.14918793737888336, 0.13292211294174194, 0.13168396055698395, 0.1359449028968811, 0.13026559352874756, 0.12221796810626984, 0.12028732895851135, 0.10745149850845337, 0.1105739027261734, 0.09486386179924011, 0.12528234720230103, 0.08097801357507706, 0.08013413101434708, 0.0900435745716095, 0.0752783939242363, 0.08131009340286255, 0.07544585317373276, 0.05852887034416199, 0.08932854235172272, 0.05035190284252167, 0.060984935611486435, 0.05968436226248741, 0.05716961622238159, 0.04790990799665451, 0.042886652052402496], "accuracy": [0.6740740537643433, 0.6849794387817383, 0.7051440477371216, 0.7055555582046509, 0.7300411462783813, 0.7452675104141235, 0.751646101474762, 0.7672839760780334, 0.7654321193695068, 0.7858024835586548, 0.786831259727478, 0.7853909730911255, 0.8018518686294556, 0.8179012537002563, 0.8281893134117126, 0.836831271648407, 0.8401234745979309, 0.8489711880683899, 0.8561728596687317, 0.8567901253700256, 0.8697530627250671, 0.8730452656745911, 0.8866255283355713, 0.8915637731552124, 0.895061731338501, 0.9008230566978455, 0.8987654447555542, 0.9076131582260132, 0.913785994052887, 0.9228395223617554, 0.9195473194122314, 0.930246889591217, 0.9308642148971558, 0.9339506030082703, 0.9362139701843262, 0.9460905194282532, 0.9485596418380737, 0.952674925327301, 0.9497942328453064, 0.952263355255127, 0.9559670686721802, 0.9557613134384155, 0.9584361910820007, 0.9582304358482361, 0.9650205969810486, 0.9551440477371216, 0.970370352268219, 0.9705761075019836, 0.9650205969810486, 0.9746913313865662, 0.9699588418006897, 0.9755144119262695, 0.9777777791023254, 0.9679012298583984, 0.9804526567459106, 0.9771605134010315, 0.978600800037384, 0.981275737285614, 0.9843621253967285, 0.9860082268714905], "val_loss": [0.7691624164581299, 0.7219259738922119, 0.7943746447563171, 0.6982514262199402, 0.6434828639030457, 0.6257925033569336, 0.6212223768234253, 0.6081573367118835, 0.5789504647254944, 0.6705805063247681, 0.5397416353225708, 0.5362187027931213, 0.5142308473587036, 0.5399109125137329, 0.489636093378067, 0.5080589652061462, 0.4870401918888092, 0.4558597803115845, 0.47658348083496094, 0.4730798900127411, 0.45086905360221863, 0.47458893060684204, 0.39510175585746765, 0.4545464515686035, 0.4437239170074463, 0.44558173418045044, 0.44188377261161804, 0.3963775336742401, 0.47159886360168457, 0.3910154402256012, 0.40228718519210815, 0.3486378788948059, 0.3913062512874603, 0.38704824447631836, 0.38594138622283936, 0.3864372670650482, 0.39277008175849915, 0.38484758138656616, 0.3955683410167694, 0.3369327485561371, 0.35697758197784424, 0.3042248487472534, 0.4653357267379761, 0.387422651052475, 0.35708993673324585, 0.3176187574863434, 0.3332061469554901, 0.38739532232284546, 0.34782302379608154, 0.3162820339202881, 0.3893027901649475, 0.34900057315826416, 0.3253870904445648, 0.34239694476127625, 0.4036117494106293, 0.364538311958313, 0.3831963837146759, 0.37983548641204834, 0.3267812430858612, 0.34559866786003113], "val_accuracy": [0.6859259009361267, 0.6970370411872864, 0.699999988079071, 0.7044444680213928, 0.7474074363708496, 0.7451851963996887, 0.7474074363708496, 0.7585185170173645, 0.7451851963996887, 0.729629635810852, 0.7785184979438782, 0.7770370244979858, 0.7866666913032532, 0.7785184979438782, 0.8155555725097656, 0.7940740585327148, 0.8051851987838745, 0.821481466293335, 0.8088889122009277, 0.8140740990638733, 0.8259259462356567, 0.8414815068244934, 0.8474074006080627, 0.8207407593727112, 0.8377777934074402, 0.8311111330986023, 0.8474074006080627, 0.8577777743339539, 0.8348147869110107, 0.8562963008880615, 0.8659259080886841, 0.8888888955116272, 0.8859259486198425, 0.8755555748939514, 0.8718518614768982, 0.889629602432251, 0.8844444155693054, 0.8911111354827881, 0.8925926089286804, 0.8903703689575195, 0.8985185027122498, 0.9074074029922485, 0.8762962818145752, 0.8999999761581421, 0.902222216129303, 0.9074074029922485, 0.8962963223457336, 0.9170370101928711, 0.9111111164093018, 0.9200000166893005, 0.9059259295463562, 0.914814829826355, 0.9214814901351929, 0.9118518233299255, 0.9125925898551941, 0.9059259295463562, 0.9229629635810852, 0.919259250164032, 0.9177777767181396, 0.936296284198761]}