{"loss": [1.0547815561294556, 0.8704357743263245, 0.8006635904312134, 0.7287915349006653, 0.6904411315917969, 0.6459174752235413, 0.6221352815628052, 0.5839023590087891, 0.5699862241744995, 0.5459438562393188, 0.5237079858779907, 0.5065817832946777, 0.4893641471862793, 0.46995800733566284, 0.4551795423030853, 0.44252270460128784, 0.42832183837890625, 0.41465574502944946, 0.4051060080528259, 0.38570937514305115, 0.38382604718208313, 0.36997509002685547, 0.35244467854499817, 0.34723788499832153, 0.3347100615501404, 0.31844666600227356, 0.30731841921806335, 0.295589417219162, 0.2974400222301483, 0.2838984727859497, 0.27848464250564575, 0.26126936078071594, 0.2601131498813629, 0.25205984711647034, 0.24233266711235046, 0.23268158733844757, 0.2228788435459137, 0.2162393182516098, 0.21218407154083252, 0.2070092409849167, 0.1985851228237152, 0.19190768897533417, 0.19125519692897797, 0.18274223804473877, 0.184659942984581, 0.16983170807361603, 0.16129611432552338, 0.16229261457920074, 0.1522703915834427, 0.15278874337673187, 0.14957545697689056, 0.14447389543056488, 0.13762052357196808, 0.1292629837989807, 0.12710009515285492, 0.13062962889671326, 0.1162070482969284, 0.11426890641450882, 0.11758462339639664, 0.10985665023326874], "accuracy": [0.6707938313484192, 0.6943584680557251, 0.7214178442955017, 0.7410883903503418, 0.7537693381309509, 0.7677483558654785, 0.7738392353057861, 0.7917124032974243, 0.7942087054252625, 0.8005990982055664, 0.8093858957290649, 0.8185721635818481, 0.8215676546096802, 0.8275586366653442, 0.8337493538856506, 0.8390414118766785, 0.8438342213630676, 0.8509235978126526, 0.850024938583374, 0.8574138879776001, 0.8557164072990417, 0.8606091141700745, 0.8684972524642944, 0.87159264087677, 0.8739890456199646, 0.8807788491249084, 0.8882675766944885, 0.8918622136116028, 0.8899650573730469, 0.8908637166023254, 0.896255612373352, 0.9045431613922119, 0.9052421450614929, 0.9035446643829346, 0.9075387120246887, 0.9128307700157166, 0.9150274395942688, 0.9187219142913818, 0.919820249080658, 0.9238142967224121, 0.9283075332641602, 0.9276086091995239, 0.9259111285209656, 0.9318022727966309, 0.9315027594566345, 0.9352970719337463, 0.9389914870262146, 0.9393908977508545, 0.9423864483833313, 0.9433849453926086, 0.9445831179618835, 0.9457813501358032, 0.9500749111175537, 0.9528706669807434, 0.952970564365387, 0.9521717429161072, 0.9570643901824951, 0.9599600434303284, 0.9558662176132202, 0.9595606327056885], "val_loss": [0.8828284740447998, 0.7497143745422363, 0.6705551147460938, 0.6726940274238586, 0.6110206842422485, 0.6475756168365479, 0.59014493227005, 0.5351419448852539, 0.5408601760864258, 0.5317761898040771, 0.537273108959198, 0.4980164170265198, 0.4578849971294403, 0.544905424118042, 0.45425549149513245, 0.45451653003692627, 0.4460282325744629, 0.4193919599056244, 0.4584449529647827, 0.43365076184272766, 0.4534994661808014, 0.400211364030838, 0.46470627188682556, 0.4095076024532318, 0.36165592074394226, 0.3702980875968933, 0.35070163011550903, 0.37129926681518555, 0.4575936794281006, 0.3691636323928833, 0.44224023818969727, 0.34664401412010193, 0.3983454704284668, 0.39381617307662964, 0.38638046383857727, 0.3637799620628357, 0.29585403203964233, 0.3608875870704651, 0.3684737980365753, 0.5321193337440491, 0.276439368724823, 0.3933320641517639, 0.3004387319087982, 0.33634865283966064, 0.2256038933992386, 0.4361335337162018, 0.3392999470233917, 0.3024532198905945, 0.33896419405937195, 0.4713791310787201, 0.2951856255531311, 0.3516896367073059, 0.3758774995803833, 0.48141175508499146, 0.3637680411338806, 0.41325870156288147, 0.24495217204093933, 0.22374150156974792, 0.4212329685688019, 0.3121134042739868], "val_accuracy": [0.7009485960006714, 0.7383924126625061, 0.7653519511222839, 0.7463804483413696, 0.784323513507843, 0.7728407382965088, 0.7853220105171204, 0.8092860579490662, 0.7983025312423706, 0.8142786026000977, 0.8022965788841248, 0.8192710876464844, 0.8352471590042114, 0.8122815489768982, 0.8277583718299866, 0.8352471590042114, 0.8437343835830688, 0.8487269282341003, 0.8437343835830688, 0.8382426500320435, 0.8327508568763733, 0.8502246737480164, 0.8277583718299866, 0.8502246737480164, 0.8681976795196533, 0.8681976795196533, 0.8761857151985168, 0.8627059459686279, 0.8377434015274048, 0.8666999340057373, 0.847728431224823, 0.8751872181892395, 0.849226176738739, 0.8726909756660461, 0.8666999340057373, 0.8691961765289307, 0.8951572775840759, 0.8811782598495483, 0.8766849637031555, 0.8122815489768982, 0.9071393013000488, 0.8746879696846008, 0.9016475081443787, 0.8856714963912964, 0.9241138100624084, 0.8632051944732666, 0.8896654844284058, 0.8986520171165466, 0.8881677389144897, 0.8666999340057373, 0.8936595320701599, 0.8976535201072693, 0.8951572775840759, 0.868696928024292, 0.9021467566490173, 0.8811782598495483, 0.9301048517227173, 0.9266101121902466, 0.8896654844284058, 0.9036445617675781]}