{"loss": [0.8491445183753967, 0.7919027805328369, 0.7219768762588501, 0.6929064393043518, 0.6591996550559998, 0.6303340792655945, 0.6039909720420837, 0.5905625224113464, 0.57841956615448, 0.55244380235672, 0.5376465320587158, 0.5231941938400269, 0.49362465739250183, 0.4720444977283478, 0.4563848674297333, 0.43844959139823914, 0.4348120391368866, 0.4065645635128021, 0.37122124433517456, 0.38837555050849915, 0.3571261763572693, 0.3475981056690216, 0.31843358278274536, 0.30837538838386536, 0.2909490466117859, 0.2812836766242981, 0.2728540599346161, 0.24401569366455078, 0.24086330831050873, 0.2394624650478363, 0.20790338516235352, 0.2059493213891983, 0.2161647528409958, 0.18494290113449097, 0.17657363414764404, 0.16601084172725677, 0.16723309457302094, 0.14210741221904755, 0.1329938769340515, 0.12632448971271515, 0.1304762214422226, 0.11045970767736435, 0.11908001452684402, 0.11295953392982483, 0.11015985161066055, 0.11754198372364044, 0.10408128052949905, 0.08803056925535202, 0.10446099936962128, 0.07545676827430725, 0.07573924958705902, 0.06568536907434464, 0.07058610767126083, 0.07049769908189774, 0.05863860249519348, 0.07321203500032425, 0.05670972168445587, 0.059229377657175064, 0.044962797313928604, 0.05308099463582039], "accuracy": [0.6753086447715759, 0.6767489910125732, 0.6878600716590881, 0.7082304358482361, 0.7166666388511658, 0.7378600835800171, 0.7421810626983643, 0.7471193671226501, 0.7559670805931091, 0.7722222208976746, 0.7773662805557251, 0.7771604657173157, 0.7913580536842346, 0.8078189492225647, 0.8125514388084412, 0.8283950686454773, 0.8267489671707153, 0.8337448835372925, 0.8514403104782104, 0.8446502089500427, 0.8596707582473755, 0.8598765134811401, 0.8771604895591736, 0.8814814686775208, 0.8899176716804504, 0.8876543045043945, 0.8923868536949158, 0.9045267701148987, 0.9078189134597778, 0.9061728119850159, 0.9222221970558167, 0.9226337671279907, 0.9129629731178284, 0.934567928314209, 0.9290123581886292, 0.9349794387817383, 0.9380658268928528, 0.9475308656692505, 0.9541152119636536, 0.9539094567298889, 0.9475308656692505, 0.9580246806144714, 0.9559670686721802, 0.9567901492118835, 0.9588477611541748, 0.9582304358482361, 0.96152263879776, 0.9679012298583984, 0.9633744955062866, 0.973045289516449, 0.9736625552177429, 0.9767489433288574, 0.9744855761528015, 0.9740740656852722, 0.9746913313865662, 0.971399188041687, 0.9823045134544373, 0.9800411462783813, 0.9870370626449585, 0.980246901512146], "val_loss": [0.7992116212844849, 0.7290089130401611, 0.6909745931625366, 0.7301329970359802, 0.6646718978881836, 0.614140510559082, 0.6306999921798706, 0.615331768989563, 0.5990431308746338, 0.669766366481781, 0.5689812302589417, 0.545102059841156, 0.5372313261032104, 0.545013427734375, 0.5277183055877686, 0.49662312865257263, 0.47589030861854553, 0.49458885192871094, 0.524512767791748, 0.47113800048828125, 0.4494073688983917, 0.470674067735672, 0.425345778465271, 0.48480406403541565, 0.4794400632381439, 0.5443256497383118, 0.3977265954017639, 0.4088553488254547, 0.38823944330215454, 0.38420912623405457, 0.37181150913238525, 0.3569581210613251, 0.34169405698776245, 0.4075961112976074, 0.41101929545402527, 0.3819136619567871, 0.33446523547172546, 0.33285418152809143, 0.35411348938941956, 0.49646317958831787, 0.357072114944458, 0.3439309298992157, 0.43151408433914185, 0.5145543217658997, 0.3426280915737152, 0.34237122535705566, 0.3431258201599121, 0.36885449290275574, 0.33735015988349915, 0.35618332028388977, 0.327164888381958, 0.3443095088005066, 0.3817668855190277, 0.37231937050819397, 0.4071831703186035, 0.3439568281173706, 0.33579546213150024, 0.3875151574611664, 0.3679855763912201, 0.3452008068561554], "val_accuracy": [0.6866666674613953, 0.6874074339866638, 0.7096296548843384, 0.6874074339866638, 0.7377777695655823, 0.7451851963996887, 0.7251851558685303, 0.7474074363708496, 0.7437037229537964, 0.7118518352508545, 0.7607407569885254, 0.7844444513320923, 0.7762963175773621, 0.7851851582527161, 0.8103703856468201, 0.7992592453956604, 0.8162962794303894, 0.8140740990638733, 0.7814815044403076, 0.8059259057044983, 0.8259259462356567, 0.821481466293335, 0.8444444537162781, 0.8037037253379822, 0.8066666722297668, 0.787407398223877, 0.8399999737739563, 0.8533333539962769, 0.8488888740539551, 0.868148148059845, 0.8562963008880615, 0.8740741014480591, 0.885185182094574, 0.8600000143051147, 0.8607407212257385, 0.8688889145851135, 0.8859259486198425, 0.9074074029922485, 0.8948147892951965, 0.8303703665733337, 0.902222216129303, 0.8925926089286804, 0.8799999952316284, 0.8674073815345764, 0.8955555558204651, 0.8888888955116272, 0.8948147892951965, 0.9125925898551941, 0.9066666960716248, 0.8955555558204651, 0.9059259295463562, 0.9111111164093018, 0.9037036895751953, 0.9096296429634094, 0.9081481695175171, 0.919259250164032, 0.9118518233299255, 0.9162963032722473, 0.9222221970558167, 0.9207407236099243]}