{"val_loss": [0.8605961855566031, 0.7512609099246714, 0.6631007831333521, 0.5879450418683688, 0.5775299183856947, 0.5595562014351234, 0.5115913810599939, 0.6032362105664288, 0.4830161539007293, 0.4539533386037639, 0.442595404919183, 0.44434019628609056, 0.44587133349446256, 0.3996361994142242, 0.4138205817980107, 0.41263478656619773, 0.37820430606588745, 0.36978412406538586, 0.3897818812707098, 0.36525310737397515, 0.3308914629179897, 0.3330639828400081, 0.3666267866306881, 0.31315079596241413, 0.3210498283743204, 0.298743073576043, 0.3032965615458686, 0.2838031110082694, 0.3318343239385845, 0.2921011619459553, 0.3002246231272169, 0.2806146782425363, 0.2993216496063243, 0.30300462900610253, 0.301706875540052, 0.34321382744456314, 0.24549555146152593, 0.2600841406236216, 0.25719797352344703, 0.2300293356462889, 0.22461523617795867, 0.23761176869563322, 0.23230480409775503, 0.227275400981865, 0.2307467844952837, 0.229927193639401, 0.2206130985782495, 0.24042453585239987, 0.20528550382426425, 0.21220545429797752, 0.20234380478315572, 0.22378552413796166, 0.2374462199490843, 0.19323639374522047, 0.19511706825053757, 0.20598410180789853, 0.20571607241013679, 0.19437595562850363, 0.23478735735639, 0.20819192451875446], "val_acc": [0.6839740390606184, 0.7294058912227704, 0.7563654520008127, 0.7808287567754298, 0.7888167749567742, 0.7918122814883605, 0.8112830755952234, 0.7778332500355397, 0.828257613639146, 0.8382426362542349, 0.8417373941769555, 0.8467299049934981, 0.8257613580225708, 0.853719420868697, 0.8492261606100733, 0.8542186720515274, 0.8637044436028167, 0.8726909634058796, 0.8622066899650525, 0.869695457082597, 0.8806789815872238, 0.8841737393909136, 0.8657014480365615, 0.8886669997090527, 0.8811782328593273, 0.894158762065518, 0.8901647527219055, 0.8966550177416085, 0.8781827257623449, 0.8991512731498799, 0.898652021818261, 0.8956565150783709, 0.8931602596105841, 0.8916625063001544, 0.8966550175333047, 0.8771842235157148, 0.9091362957649688, 0.9051422867784485, 0.9101347976545067, 0.9141288066410268, 0.9186220667508621, 0.9121318025048589, 0.9121318023560705, 0.9186220671674697, 0.9096355469477992, 0.9166250626146942, 0.9206190713929107, 0.9126310534793856, 0.926110833749376, 0.9276085873276249, 0.927608587119321, 0.918122815627547, 0.9176235646530204, 0.9291063404892661, 0.9271093358472176, 0.9206190712441222, 0.9236145781328008, 0.9241138294644197, 0.9146280579726457, 0.9196205693545844], "loss": [0.9602347901387627, 0.7729560426872966, 0.6726173722440459, 0.6152830175501195, 0.5733073357933471, 0.5515073246409521, 0.5206754342770493, 0.5001558110854415, 0.4754208295986882, 0.46075296309728714, 0.44755794809451416, 0.4276613961576047, 0.4188618883572396, 0.4066179186775276, 0.4002438219886271, 0.38062368656954526, 0.36883989288934277, 0.3538748656489286, 0.34619551621790356, 0.33608431282545764, 0.3342667064589973, 0.32067540690741775, 0.3159554135126884, 0.30510107831721656, 0.3039060457514276, 0.294487823749029, 0.2754166423188289, 0.2734503846717845, 0.26640852724782715, 0.2650609148542582, 0.25437328883754096, 0.252334026375593, 0.24850802836689542, 0.23793313380366138, 0.2325126439719812, 0.22574506813862058, 0.22425100214768218, 0.21057858910193994, 0.2117786678875677, 0.2135864274298258, 0.19410601256046067, 0.19097649094853708, 0.18829231063128113, 0.19039925856258175, 0.18473183178360084, 0.18360724062456588, 0.1829757282779149, 0.1688686945411008, 0.15900231604122603, 0.15266960975800045, 0.1583403113688223, 0.15214138216842607, 0.14918838868989864, 0.14688948143721817, 0.14540008643434693, 0.1420359417937484, 0.13692746871688993, 0.1372099226555465, 0.13281780678408775, 0.1209197339367938], "acc": [0.6757863205430273, 0.7135297054537403, 0.7563654517627513, 0.7763354967846254, 0.7861208187123269, 0.7962056914747089, 0.8044932600384168, 0.8179730403560195, 0.824163754398205, 0.8309535696574348, 0.8329505741447434, 0.8433349974204228, 0.8457314028242381, 0.8488267598780643, 0.8522216674213818, 0.8569146279924462, 0.8655017472956101, 0.8671992012160573, 0.8729905142465116, 0.8758861707557872, 0.8763854217779261, 0.8805791312197239, 0.8843734397569181, 0.8860708936773654, 0.8858711931209117, 0.8891662505407424, 0.8985521716590649, 0.8981527708496859, 0.9035446829755367, 0.9017473789375541, 0.9047428855822197, 0.9063404891827793, 0.9095356964612685, 0.9139291063523923, 0.9150274588117824, 0.916924612997058, 0.9207189216294767, 0.9253120318687503, 0.9220169745381928, 0.9225162255900893, 0.9318022964718458, 0.9322016974597708, 0.9309036445451033, 0.9300049924219601, 0.9333000499310639, 0.9341987019530309, 0.9342985520824694, 0.9404892660115757, 0.9435846229761289, 0.9468796804852326, 0.9431852221727014, 0.9457813279246665, 0.9479780329565257, 0.9482775836245632, 0.9485771343045037, 0.9497753370123628, 0.9499750373605127, 0.9511732401516934, 0.953569645537654, 0.9586620069002426]}