{"loss": [0.9677317142486572, 0.803725004196167, 0.7427328824996948, 0.6886594891548157, 0.6452253460884094, 0.6148536205291748, 0.5815460681915283, 0.5506833791732788, 0.5413374900817871, 0.5212500691413879, 0.5021345615386963, 0.4817400276660919, 0.4653576910495758, 0.44978663325309753, 0.4332667589187622, 0.4249029755592346, 0.4132799208164215, 0.3944752514362335, 0.38368669152259827, 0.36555570363998413, 0.3626604378223419, 0.3455136716365814, 0.34167712926864624, 0.3286365568637848, 0.3197233974933624, 0.3043314814567566, 0.29340821504592896, 0.28313586115837097, 0.275577187538147, 0.26480379700660706, 0.25487494468688965, 0.2474667876958847, 0.239787757396698, 0.23209546506404877, 0.2303675413131714, 0.2152116596698761, 0.2104640156030655, 0.20427922904491425, 0.1950838267803192, 0.18973660469055176, 0.17947450280189514, 0.18308472633361816, 0.16669262945652008, 0.16620194911956787, 0.16817662119865417, 0.15098319947719574, 0.14526502788066864, 0.144837886095047, 0.13978473842144012, 0.13493651151657104, 0.14064191281795502, 0.13085104525089264, 0.12164010852575302, 0.11959882080554962, 0.11405543237924576, 0.10797420889139175, 0.11360707879066467, 0.10545709729194641, 0.10173536092042923, 0.10243336111307144], "accuracy": [0.6822766065597534, 0.7165251970291138, 0.7385920882225037, 0.7553669214248657, 0.7722416520118713, 0.7809286117553711, 0.790713906288147, 0.8026959300041199, 0.804493248462677, 0.8109835386276245, 0.8169745206832886, 0.825361967086792, 0.8286570310592651, 0.832451343536377, 0.8408387303352356, 0.8451322913169861, 0.8462306261062622, 0.8542186617851257, 0.85781329870224, 0.8621068596839905, 0.8633050322532654, 0.8716924786567688, 0.8707938194274902, 0.8770843744277954, 0.8797803521156311, 0.885871171951294, 0.8921617865562439, 0.8933599591255188, 0.8967548608779907, 0.9020469188690186, 0.906340479850769, 0.9065402150154114, 0.9121317863464355, 0.9136295318603516, 0.9152271747589111, 0.9193210005760193, 0.9194208979606628, 0.9234148859977722, 0.9266101121902466, 0.9292061924934387, 0.9317024350166321, 0.9295057654380798, 0.9384922385215759, 0.9377933144569397, 0.9371942281723022, 0.9431852102279663, 0.945881187915802, 0.9453819394111633, 0.9477783441543579, 0.9483774304389954, 0.9465801119804382, 0.9508736729621887, 0.9556664824485779, 0.9557663798332214, 0.9564653038978577, 0.9600598812103271, 0.9579630494117737, 0.9601597785949707, 0.9621567726135254, 0.9613579511642456], "val_loss": [0.7678715586662292, 0.7238012552261353, 0.7243151068687439, 0.6457594633102417, 0.5826782584190369, 0.5911433696746826, 0.559698224067688, 0.49463075399398804, 0.5409619212150574, 0.5525152683258057, 0.5057616233825684, 0.4573608338832855, 0.4852890968322754, 0.5472128391265869, 0.4273433983325958, 0.443441241979599, 0.4471500813961029, 0.40602168440818787, 0.4602828919887543, 0.36999693512916565, 0.3907826542854309, 0.3690798282623291, 0.42412495613098145, 0.41032764315605164, 0.3729722499847412, 0.30251526832580566, 0.3472023904323578, 0.33777764439582825, 0.31865885853767395, 0.28008022904396057, 0.44550660252571106, 0.4063929617404938, 0.4196745455265045, 0.3406006395816803, 0.38243821263313293, 0.4134193956851959, 0.30770793557167053, 0.4490622878074646, 0.3291934132575989, 0.5330217480659485, 0.3173788785934448, 0.4716896116733551, 0.2942076623439789, 0.32489830255508423, 0.27219241857528687, 0.3756476938724518, 0.4797392189502716, 0.3303520977497101, 0.4373888671398163, 0.3070051372051239, 0.3447924852371216, 0.3520652949810028, 0.2144518345594406, 0.42054447531700134, 0.16437391936779022, 0.4684784412384033, 0.23049424588680267, 0.25026214122772217, 0.2688498795032501, 0.2274693101644516], "val_accuracy": [0.7368946671485901, 0.754867672920227, 0.7553669214248657, 0.7538691759109497, 0.8002995252609253, 0.7988017797470093, 0.7953070402145386, 0.8127808570861816, 0.7948077917098999, 0.8057913184165955, 0.8122815489768982, 0.8387418985366821, 0.8227658271789551, 0.815277099609375, 0.8472291827201843, 0.8392411470413208, 0.8392411470413208, 0.8527209162712097, 0.8362456560134888, 0.8617074489593506, 0.86570143699646, 0.8662006855010986, 0.8497254252433777, 0.8552171587944031, 0.867199182510376, 0.8866699934005737, 0.8781827092170715, 0.8781827092170715, 0.8921617865562439, 0.8986520171165466, 0.852221667766571, 0.8597104549407959, 0.8562156558036804, 0.8851722478866577, 0.8796804547309875, 0.8582127094268799, 0.8961557745933533, 0.8721917271614075, 0.8956565260887146, 0.8342486023902893, 0.8931602835655212, 0.8676984310150146, 0.902646005153656, 0.8851722478866577, 0.9096355438232422, 0.8841737508773804, 0.86570143699646, 0.8931602835655212, 0.8821767568588257, 0.8986520171165466, 0.8906639814376831, 0.9031452536582947, 0.9291063547134399, 0.884672999382019, 0.9465801119804382, 0.8796804547309875, 0.9266101121902466, 0.9271093606948853, 0.9196205735206604, 0.9226160645484924]}