{"loss": [1.0055956840515137, 0.8266570568084717, 0.7617290616035461, 0.6967573761940002, 0.6510137319564819, 0.6263840794563293, 0.5936340689659119, 0.5620170831680298, 0.5507243275642395, 0.5302179455757141, 0.5094470977783203, 0.48814263939857483, 0.47524315118789673, 0.45547518134117126, 0.4412993788719177, 0.43073028326034546, 0.4185087978839874, 0.40366309881210327, 0.39036422967910767, 0.37812769412994385, 0.36882805824279785, 0.3555249273777008, 0.3504576086997986, 0.33703893423080444, 0.32396838068962097, 0.3118082284927368, 0.30210036039352417, 0.28871583938598633, 0.2912712097167969, 0.2720501124858856, 0.27127164602279663, 0.2625390291213989, 0.2539812922477722, 0.2457791119813919, 0.23630113899707794, 0.22782805562019348, 0.22078485786914825, 0.21007458865642548, 0.21033108234405518, 0.19791720807552338, 0.19096681475639343, 0.18960033357143402, 0.18815533816814423, 0.168147474527359, 0.17221179604530334, 0.16171082854270935, 0.16107869148254395, 0.1554848551750183, 0.15699374675750732, 0.1478332132101059, 0.14565905928611755, 0.14300702512264252, 0.13463695347309113, 0.12522058188915253, 0.12413845211267471, 0.12659502029418945, 0.12176208198070526, 0.11108133941888809, 0.1120559498667717, 0.10651274025440216], "accuracy": [0.679081380367279, 0.7089365720748901, 0.7298052906990051, 0.7522715926170349, 0.7660509347915649, 0.7765352129936218, 0.7898153066635132, 0.799301028251648, 0.8006989359855652, 0.8105841279029846, 0.8120818734169006, 0.8239640593528748, 0.8263604640960693, 0.8322516083717346, 0.8387418985366821, 0.8447328805923462, 0.8457313776016235, 0.8544183969497681, 0.8544183969497681, 0.8606091141700745, 0.8610084652900696, 0.8680978417396545, 0.8668996691703796, 0.8740888833999634, 0.8805791139602661, 0.8817773461341858, 0.8860709071159363, 0.8948577046394348, 0.8937593698501587, 0.8992511034011841, 0.8993510007858276, 0.9015476703643799, 0.9076385498046875, 0.9071393013000488, 0.9117323756217957, 0.9146280288696289, 0.9173240065574646, 0.9194208979606628, 0.9195207357406616, 0.9270094633102417, 0.9293060302734375, 0.9302046895027161, 0.9289066195487976, 0.9390913844108582, 0.9348976612091064, 0.9408886432647705, 0.9389914870262146, 0.9420868754386902, 0.9392910599708557, 0.9439840316772461, 0.9456814527511597, 0.9469795227050781, 0.9496755003929138, 0.9526709914207458, 0.9553669691085815, 0.9532700777053833, 0.9533699154853821, 0.9583624601364136, 0.9570643901824951, 0.9606590270996094], "val_loss": [0.7979607582092285, 0.7310002446174622, 0.6602208614349365, 0.6538145542144775, 0.5864572525024414, 0.5884031653404236, 0.5394530892372131, 0.5381391048431396, 0.5361574292182922, 0.5243881344795227, 0.4747975468635559, 0.4853925108909607, 0.46129074692726135, 0.472810834646225, 0.4881661534309387, 0.4330596625804901, 0.45732933282852173, 0.4115983247756958, 0.45487940311431885, 0.4140087366104126, 0.4129498302936554, 0.39053747057914734, 0.37444499135017395, 0.5194233059883118, 0.33450210094451904, 0.35404130816459656, 0.38452866673469543, 0.399702250957489, 0.3729420006275177, 0.4176706075668335, 0.3459886908531189, 0.4220770597457886, 0.36604389548301697, 0.43140387535095215, 0.4211972653865814, 0.427550733089447, 0.3181533217430115, 0.36808693408966064, 0.4048687815666199, 0.4417451322078705, 0.3796831965446472, 0.4623473584651947, 0.328473299741745, 0.3228316605091095, 0.2499282956123352, 0.43162447214126587, 0.44284921884536743, 0.3633764386177063, 0.4519123435020447, 0.5430728793144226, 0.3185405731201172, 0.41220322251319885, 0.39571240544319153, 0.4786236882209778, 0.240369513630867, 0.3652520179748535, 0.31547027826309204, 0.3335467278957367, 0.26696935296058655, 0.3191570043563843], "val_accuracy": [0.7214178442955017, 0.751872181892395, 0.7728407382965088, 0.7493759393692017, 0.7948077917098999, 0.7973040342330933, 0.8092860579490662, 0.815277099609375, 0.8072890639305115, 0.8117823004722595, 0.8242636322975159, 0.8207688331604004, 0.8377434015274048, 0.8307538628578186, 0.8202695846557617, 0.8412381410598755, 0.8357464075088501, 0.8512231707572937, 0.8387418985366821, 0.8532201647758484, 0.8537194132804871, 0.8597104549407959, 0.8617074489593506, 0.8242636322975159, 0.8741887211799622, 0.8761857151985168, 0.86570143699646, 0.8627059459686279, 0.8676984310150146, 0.8527209162712097, 0.8736894726753235, 0.8552171587944031, 0.8736894726753235, 0.8602097034454346, 0.8647029399871826, 0.8432351350784302, 0.8886669874191284, 0.8756864666938782, 0.8841737508773804, 0.8452321290969849, 0.8726909756660461, 0.8647029399871826, 0.8931602835655212, 0.8911632299423218, 0.9091362953186035, 0.8746879696846008, 0.8666999340057373, 0.883175253868103, 0.8622066974639893, 0.8462306261062622, 0.8951572775840759, 0.8821767568588257, 0.8936595320701599, 0.8801797032356262, 0.9226160645484924, 0.8951572775840759, 0.9036445617675781, 0.8971542716026306, 0.9181228280067444, 0.898152768611908]}