{"loss": [0.931138277053833, 0.8960409164428711, 0.8620374202728271, 0.8393329381942749, 0.8364554643630981, 0.824222981929779, 0.8145439028739929, 0.8114849925041199, 0.8156663775444031, 0.796700119972229, 0.7970988750457764, 0.7965372204780579, 0.7870955467224121, 0.7812212705612183, 0.784997284412384, 0.7846876382827759, 0.7738799452781677, 0.776029109954834, 0.7748363614082336, 0.7759209275245667, 0.7745779752731323, 0.7715396285057068, 0.7666576504707336, 0.7635378837585449, 0.7699462175369263, 0.7685437798500061, 0.7637426257133484, 0.7617339491844177, 0.7591851949691772, 0.7596336007118225, 0.7602546811103821, 0.754443347454071, 0.7571578025817871, 0.7498307824134827, 0.7516379952430725, 0.7526254653930664, 0.7539901733398438, 0.7481289505958557, 0.7453261017799377, 0.7510165572166443, 0.7441453337669373, 0.7411540746688843, 0.7431970238685608, 0.7421367764472961, 0.7424588799476624, 0.739875316619873, 0.7379168272018433, 0.7369930148124695, 0.7350656986236572, 0.732186496257782, 0.7306481003761292, 0.727361798286438, 0.7300769090652466, 0.7279546856880188, 0.7286564111709595, 0.7213748097419739, 0.7250381112098694, 0.7263054847717285, 0.7175259590148926, 0.724290668964386], "accuracy": [0.6526749134063721, 0.6699588298797607, 0.6664609313011169, 0.6711934208869934, 0.6707819104194641, 0.6748971343040466, 0.6757201552391052, 0.6742798089981079, 0.6755144000053406, 0.6779835224151611, 0.680246889591217, 0.6794238686561584, 0.6814814805984497, 0.6823045015335083, 0.6779835224151611, 0.680246889591217, 0.681892991065979, 0.6855967044830322, 0.6820987462997437, 0.6808642148971558, 0.6823045015335083, 0.6872428059577942, 0.682921826839447, 0.6860082149505615, 0.6816872358322144, 0.6849794387817383, 0.6794238686561584, 0.6858024597167969, 0.6860082149505615, 0.6870370507240295, 0.6827160716056824, 0.6849794387817383, 0.6874485611915588, 0.6893004179000854, 0.6872428059577942, 0.6864197254180908, 0.6823045015335083, 0.6868312954902649, 0.6882715821266174, 0.6884773373603821, 0.6895061731338501, 0.6843621134757996, 0.6876543164253235, 0.6864197254180908, 0.6849794387817383, 0.6888889074325562, 0.6872428059577942, 0.6880658268928528, 0.6860082149505615, 0.6882715821266174, 0.6851851940155029, 0.6915637850761414, 0.6930041313171387, 0.6884773373603821, 0.6884773373603821, 0.6995884776115417, 0.6880658268928528, 0.6956790089607239, 0.6971193552017212, 0.6919752955436707], "val_loss": [0.837192952632904, 0.8307925462722778, 0.8322038054466248, 0.8245547413825989, 0.8231645226478577, 0.8175204992294312, 0.8149424195289612, 0.8069800734519958, 0.8028406500816345, 0.7941741943359375, 0.7847833633422852, 0.7900561690330505, 0.7810271978378296, 0.7824388742446899, 0.7715434432029724, 0.7769506573677063, 0.7686828374862671, 0.7692984938621521, 0.7784177660942078, 0.7661575078964233, 0.7662065029144287, 0.7652270793914795, 0.768366813659668, 0.7631006836891174, 0.7699028849601746, 0.7585710287094116, 0.7645254731178284, 0.7542095184326172, 0.7474405765533447, 0.7629150152206421, 0.7594437003135681, 0.7901756167411804, 0.7600508332252502, 0.7513099312782288, 0.7463884949684143, 0.7403088212013245, 0.7438417077064514, 0.7424598336219788, 0.7815828323364258, 0.7532492280006409, 0.7366800308227539, 0.7355325222015381, 0.748539924621582, 0.7375865578651428, 0.737061619758606, 0.7524704933166504, 0.7578923106193542, 0.7481948733329773, 0.7253398299217224, 0.7415931820869446, 0.7259312272071838, 0.7200299501419067, 0.7301363945007324, 0.7280775308609009, 0.7313535213470459, 0.72664475440979, 0.7323219776153564, 0.7254065275192261, 0.7161291241645813, 0.7093608975410461], "val_accuracy": [0.6859259009361267, 0.6866666674613953, 0.6866666674613953, 0.6866666674613953, 0.6866666674613953, 0.6800000071525574, 0.6866666674613953, 0.6866666674613953, 0.6866666674613953, 0.6874074339866638, 0.6866666674613953, 0.6866666674613953, 0.6896296143531799, 0.6896296143531799, 0.6925926208496094, 0.6925926208496094, 0.6844444274902344, 0.6881481409072876, 0.6918518543243408, 0.6903703808784485, 0.6888889074325562, 0.6859259009361267, 0.6807407140731812, 0.6911110877990723, 0.6881481409072876, 0.6851851940155029, 0.6925926208496094, 0.6911110877990723, 0.6925926208496094, 0.6948148012161255, 0.6851851940155029, 0.6866666674613953, 0.6888889074325562, 0.695555567741394, 0.6911110877990723, 0.6866666674613953, 0.6918518543243408, 0.6918518543243408, 0.6851851940155029, 0.6911110877990723, 0.695555567741394, 0.6903703808784485, 0.6866666674613953, 0.6837037205696106, 0.6903703808784485, 0.6888889074325562, 0.6837037205696106, 0.6888889074325562, 0.6940740942955017, 0.6896296143531799, 0.6970370411872864, 0.6962962746620178, 0.6918518543243408, 0.6918518543243408, 0.6896296143531799, 0.6985185146331787, 0.6948148012161255, 0.7014814615249634, 0.6896296143531799, 0.7022222280502319]}