{"loss": [1.3234275579452515, 1.014428973197937, 0.8956333994865417, 0.8747403025627136, 0.8499125838279724, 0.8395544290542603, 0.8316099643707275, 0.8399196863174438, 0.8374609351158142, 0.8268046975135803, 0.8276355862617493, 0.8230122327804565, 0.8130244016647339, 0.8111762404441833, 0.7964497208595276, 0.7858415246009827, 0.7548564672470093, 0.7447346448898315, 0.7285090088844299, 0.7192158699035645, 0.692671537399292, 0.6789000034332275, 0.66401606798172, 0.6551189422607422, 0.644075334072113, 0.6398431658744812, 0.624960720539093, 0.6095397472381592, 0.6020911931991577, 0.5909149050712585, 0.5844917893409729, 0.5638585686683655, 0.5514340400695801, 0.5432525277137756, 0.538467288017273, 0.5125452876091003, 0.5119352340698242, 0.49231016635894775, 0.48355141282081604, 0.47754523158073425, 0.4470619857311249, 0.43382206559181213, 0.4322497844696045, 0.41479092836380005, 0.4111865162849426, 0.39670124650001526, 0.37679311633110046, 0.3772188723087311, 0.3539891839027405, 0.33858722448349, 0.33971887826919556, 0.3277394771575928, 0.31554871797561646, 0.3117181062698364, 0.28277450799942017, 0.27367016673088074, 0.2721889317035675, 0.2562626600265503, 0.26408904790878296, 0.2561754286289215], "accuracy": [0.5816872715950012, 0.6248971223831177, 0.6613168716430664, 0.6713991761207581, 0.6753086447715759, 0.6773662567138672, 0.6765432357788086, 0.6773662567138672, 0.6757201552391052, 0.6777777671813965, 0.6775720119476318, 0.6786008477210999, 0.6777777671813965, 0.6755144000053406, 0.6783950328826904, 0.6773662567138672, 0.6847736835479736, 0.6923868060112, 0.693415641784668, 0.7024691104888916, 0.7094650268554688, 0.7088477611541748, 0.7181069850921631, 0.7279835343360901, 0.7288065552711487, 0.728600800037384, 0.7393004298210144, 0.7407407164573669, 0.748353898525238, 0.7549382448196411, 0.7565843462944031, 0.7689300179481506, 0.7709876298904419, 0.7781893014907837, 0.7800411581993103, 0.7903292179107666, 0.7942386865615845, 0.7985596656799316, 0.8086419701576233, 0.808230459690094, 0.8218107223510742, 0.8323045372962952, 0.8251028656959534, 0.8314814567565918, 0.8349794149398804, 0.8473250865936279, 0.8485596776008606, 0.8475308418273926, 0.8596707582473755, 0.8693415522575378, 0.8662551641464233, 0.875308632850647, 0.8759258985519409, 0.8790123462677002, 0.891769528388977, 0.8973250985145569, 0.895061731338501, 0.8971193432807922, 0.8975308537483215, 0.9030864238739014], "val_loss": [0.8364242315292358, 0.9897693991661072, 0.8494973182678223, 0.8944156765937805, 0.8253815770149231, 0.8242682814598083, 0.8257460594177246, 0.8408899307250977, 0.8226068615913391, 0.8125496506690979, 0.8057044148445129, 0.819597601890564, 0.7975425720214844, 0.7823542356491089, 0.7641971111297607, 0.7637398838996887, 0.7584006786346436, 0.7739123106002808, 0.7193518877029419, 0.7009024620056152, 0.69590163230896, 0.6658290028572083, 0.661151111125946, 0.654451847076416, 0.6457331776618958, 0.6733039021492004, 0.6634178757667542, 0.6036765575408936, 0.6227986812591553, 0.6063018441200256, 0.5928416848182678, 0.5902791619300842, 0.5934627056121826, 0.6772232055664062, 0.5658701062202454, 0.5617780685424805, 0.5523818135261536, 0.5709096193313599, 0.5351064205169678, 0.5553597807884216, 0.5288296341896057, 0.5309644937515259, 0.5352499485015869, 0.5086820125579834, 0.5043264031410217, 0.5016137957572937, 0.5015308260917664, 0.49900728464126587, 0.47294023633003235, 0.4882500171661377, 0.46700653433799744, 0.4583369195461273, 0.4611316919326782, 0.4540640711784363, 0.42343220114707947, 0.5014618039131165, 0.3833749294281006, 0.42257946729660034, 0.38399630784988403, 0.45959192514419556], "val_accuracy": [0.6866666674613953, 0.6866666674613953, 0.6866666674613953, 0.6740740537643433, 0.6866666674613953, 0.6866666674613953, 0.6866666674613953, 0.6866666674613953, 0.6866666674613953, 0.6866666674613953, 0.6866666674613953, 0.6866666674613953, 0.6866666674613953, 0.682962954044342, 0.6844444274902344, 0.6888889074325562, 0.6940740942955017, 0.6866666674613953, 0.7074074149131775, 0.699999988079071, 0.7118518352508545, 0.7259259223937988, 0.7237036824226379, 0.7274073958396912, 0.7244444489479065, 0.7229629755020142, 0.7148148417472839, 0.7525925636291504, 0.7400000095367432, 0.7555555701255798, 0.757777750492096, 0.7555555701255798, 0.7622222304344177, 0.7362962961196899, 0.7755555510520935, 0.7696296572685242, 0.7792592644691467, 0.7548148036003113, 0.7755555510520935, 0.7637037038803101, 0.7866666913032532, 0.7888888716697693, 0.7962962985038757, 0.787407398223877, 0.7985185384750366, 0.7977777719497681, 0.7940740585327148, 0.8096296191215515, 0.8096296191215515, 0.8192592859268188, 0.8162962794303894, 0.8296296000480652, 0.8192592859268188, 0.8222222328186035, 0.8496296405792236, 0.8081481456756592, 0.8422222137451172, 0.8422222137451172, 0.8488888740539551, 0.8429629802703857]}