{"loss": [0.9206550717353821, 0.8690839409828186, 0.8500142693519592, 0.8334482312202454, 0.8056023120880127, 0.7522984147071838, 0.7168203592300415, 0.6787365674972534, 0.6650972962379456, 0.6415371298789978, 0.6158266663551331, 0.6002656817436218, 0.5641862154006958, 0.5523271560668945, 0.5410811305046082, 0.511183500289917, 0.496709942817688, 0.49244967103004456, 0.4422391355037689, 0.45484021306037903, 0.4194258451461792, 0.403100848197937, 0.37567010521888733, 0.3769161105155945, 0.34955906867980957, 0.3442787230014801, 0.32715514302253723, 0.31458571553230286, 0.2940696179866791, 0.2815197706222534, 0.25957104563713074, 0.26491960883140564, 0.2701975107192993, 0.21852520108222961, 0.21621070802211761, 0.19998417794704437, 0.19535337388515472, 0.18601223826408386, 0.1814984232187271, 0.16858388483524323, 0.14968900382518768, 0.14671683311462402, 0.14283452928066254, 0.14313367009162903, 0.1120564267039299, 0.13887692987918854, 0.13554801046848297, 0.11631452292203903, 0.10195042937994003, 0.09500816464424133, 0.09635105729103088, 0.08702331781387329, 0.08642402291297913, 0.07548496127128601, 0.09398145973682404, 0.07772824913263321, 0.0645790696144104, 0.07980519533157349, 0.059753190726041794, 0.06697285920381546], "accuracy": [0.6413580179214478, 0.6662551164627075, 0.6672839522361755, 0.6726337671279907, 0.6738682985305786, 0.6868312954902649, 0.7045267224311829, 0.7172839641571045, 0.7246913313865662, 0.7333333492279053, 0.7403292059898376, 0.748971164226532, 0.7606995701789856, 0.7746913433074951, 0.7835391163825989, 0.7903292179107666, 0.7975308895111084, 0.8037037253379822, 0.826337456703186, 0.8191357851028442, 0.8325102925300598, 0.836831271648407, 0.8530864119529724, 0.8497942090034485, 0.863785982131958, 0.863785982131958, 0.8738682866096497, 0.876337468624115, 0.8864197731018066, 0.8897119164466858, 0.894444465637207, 0.8979423642158508, 0.8932098746299744, 0.9146090745925903, 0.9160493612289429, 0.9207819104194641, 0.924691379070282, 0.9259259104728699, 0.9362139701843262, 0.9358024597167969, 0.9462962746620178, 0.9423868060112, 0.9483538866043091, 0.9452674984931946, 0.9588477611541748, 0.9502057433128357, 0.9487654566764832, 0.9584361910820007, 0.9650205969810486, 0.9670782089233398, 0.9672839641571045, 0.9654321074485779, 0.9689300656318665, 0.9734567999839783, 0.9660493731498718, 0.9732510447502136, 0.9742798209190369, 0.9718106985092163, 0.9767489433288574, 0.9755144119262695], "val_loss": [0.8309314250946045, 0.8142948746681213, 0.8290252685546875, 0.8134092688560486, 0.7865853905677795, 0.688392698764801, 0.7478428483009338, 0.720696210861206, 0.6435570120811462, 0.6612412929534912, 0.6213110089302063, 0.570277214050293, 0.5892524123191833, 0.5671129822731018, 0.5415948629379272, 0.5588364601135254, 0.5414820313453674, 0.5498533844947815, 0.5222415328025818, 0.5256382822990417, 0.4928992688655853, 0.46158862113952637, 0.4649060368537903, 0.4991144835948944, 0.5293008089065552, 0.5569208860397339, 0.44515249133110046, 0.43322956562042236, 0.42532429099082947, 0.4285205602645874, 0.43209654092788696, 0.42742684483528137, 0.3904203772544861, 0.47239428758621216, 0.4685630202293396, 0.38491225242614746, 0.416249543428421, 0.470467746257782, 0.39105480909347534, 0.422075092792511, 0.3393646776676178, 0.3068035840988159, 0.42219239473342896, 0.36695846915245056, 0.40031176805496216, 0.31746354699134827, 0.41444137692451477, 0.46060672402381897, 0.3703443109989166, 0.40599048137664795, 0.31269192695617676, 0.3507568836212158, 0.34202930331230164, 0.3871522843837738, 0.38024747371673584, 0.3460259437561035, 0.3863067328929901, 0.35688745975494385, 0.38850510120391846, 0.3200893700122833], "val_accuracy": [0.6866666674613953, 0.6866666674613953, 0.6866666674613953, 0.6866666674613953, 0.6888889074325562, 0.7096296548843384, 0.6896296143531799, 0.7170370221138, 0.7392592430114746, 0.7214815020561218, 0.7392592430114746, 0.7770370244979858, 0.7562962770462036, 0.7696296572685242, 0.7859259247779846, 0.7762963175773621, 0.7903703451156616, 0.7770370244979858, 0.7977777719497681, 0.7822222113609314, 0.8007407188415527, 0.8251851797103882, 0.8148148059844971, 0.8096296191215515, 0.7807407379150391, 0.7933333516120911, 0.8192592859268188, 0.8370370268821716, 0.8437036871910095, 0.8407407402992249, 0.8488888740539551, 0.8481481671333313, 0.8674073815345764, 0.8296296000480652, 0.8518518805503845, 0.8622221946716309, 0.8600000143051147, 0.8488888740539551, 0.8733333349227905, 0.8666666746139526, 0.8911111354827881, 0.9029629826545715, 0.8674073815345764, 0.8777777552604675, 0.8762962818145752, 0.8903703689575195, 0.8585185408592224, 0.8696296215057373, 0.8925926089286804, 0.8844444155693054, 0.8985185027122498, 0.897777795791626, 0.9044444561004639, 0.8962963223457336, 0.8999999761581421, 0.914814829826355, 0.9081481695175171, 0.9200000166893005, 0.9103703498840332, 0.9051851630210876]}