{"loss": [0.8366608023643494, 0.6686082482337952, 0.610383152961731, 0.5654249787330627, 0.5301772356033325, 0.5100563764572144, 0.4843418002128601, 0.4643721878528595, 0.4385796785354614, 0.42589181661605835, 0.40460848808288574, 0.4046420454978943, 0.3808780908584595, 0.3603857755661011, 0.36318275332450867, 0.35141003131866455, 0.34441471099853516, 0.3292554020881653, 0.32689645886421204, 0.3131987452507019, 0.30961376428604126, 0.2978634834289551, 0.2829291820526123, 0.2830970585346222, 0.2782230079174042, 0.26744017004966736, 0.2635754942893982, 0.25580206513404846, 0.2501627206802368, 0.2445380687713623, 0.23802219331264496, 0.2361895591020584, 0.22882787883281708, 0.2367551028728485, 0.2131548821926117, 0.21474339067935944, 0.20799164474010468, 0.20347437262535095, 0.19639858603477478, 0.194669708609581, 0.19573010504245758, 0.19488410651683807, 0.1880202740430832, 0.18090970814228058, 0.19014635682106018, 0.178128182888031, 0.17276433110237122, 0.16878286004066467, 0.16767005622386932, 0.16337066888809204, 0.1596219539642334, 0.15875303745269775, 0.1562688648700714, 0.15513385832309723, 0.155193030834198, 0.1483810544013977, 0.14250603318214417, 0.14292964339256287, 0.14364628493785858, 0.14158529043197632], "accuracy": [0.7150274515151978, 0.7592611312866211, 0.782126784324646, 0.7925112247467041, 0.8049924969673157, 0.8150773644447327, 0.8267598748207092, 0.8300549387931824, 0.8335496783256531, 0.8438342213630676, 0.8521218299865723, 0.849226176738739, 0.8598102927207947, 0.8670993447303772, 0.8646031022071838, 0.8691961765289307, 0.8698951601982117, 0.8800798654556274, 0.8769845366477966, 0.8822765946388245, 0.8870694041252136, 0.8906639814376831, 0.8955566883087158, 0.8933599591255188, 0.896255612373352, 0.899650514125824, 0.8999500870704651, 0.9061408042907715, 0.9073389768600464, 0.9078382253646851, 0.9139291048049927, 0.9131302833557129, 0.9172241687774658, 0.9123315215110779, 0.9204193949699402, 0.9211183190345764, 0.9216175675392151, 0.9263105392456055, 0.9290065169334412, 0.9285072684288025, 0.9271093606948853, 0.9303045272827148, 0.928007960319519, 0.9341986775398254, 0.9271093606948853, 0.933599591255188, 0.9345980882644653, 0.9367948174476624, 0.9369944930076599, 0.9411882162094116, 0.940688967704773, 0.9408886432647705, 0.9439840316772461, 0.9441837072372437, 0.9454817771911621, 0.9464802742004395, 0.9493759274482727, 0.9477783441543579, 0.9472790956497192, 0.9464802742004395], "val_loss": [0.6757329106330872, 0.6337012052536011, 0.5944384932518005, 0.5956950187683105, 0.4766903221607208, 0.543346107006073, 0.6962891221046448, 0.7155125737190247, 0.39524951577186584, 0.9788634777069092, 0.3699846863746643, 0.46269017457962036, 0.3725696802139282, 0.7168113589286804, 0.4775838851928711, 1.2316066026687622, 0.8090940117835999, 0.574442982673645, 0.5690339803695679, 0.9064677357673645, 0.9931859374046326, 0.3592040538787842, 1.061872959136963, 1.172839879989624, 1.6006165742874146, 0.6238638162612915, 0.49080735445022583, 0.50957852602005, 1.5367246866226196, 0.6647406816482544, 0.5560852289199829, 0.7587628960609436, 0.2650481164455414, 0.6085515022277832, 0.5463923811912537, 0.4570371210575104, 0.9070218205451965, 0.5995875597000122, 0.5589243769645691, 0.7733691334724426, 0.42422783374786377, 1.38702392578125, 0.8649284839630127, 0.8964276909828186, 0.4414355456829071, 0.8066346645355225, 0.4178606867790222, 0.35751307010650635, 0.544658362865448, 1.2593220472335815, 0.794266939163208, 0.5520073175430298, 0.7126467227935791, 1.349509358406067, 0.4826754927635193, 0.49422621726989746, 0.8496417999267578, 0.94596266746521, 0.5814732909202576, 0.4154278635978699], "val_accuracy": [0.7583624720573425, 0.7678482532501221, 0.7788317799568176, 0.7803295254707336, 0.8247628808021545, 0.8157763481140137, 0.7703444957733154, 0.7299051284790039, 0.8527209162712097, 0.7174238562583923, 0.8681976795196533, 0.8337493538856506, 0.8622066974639893, 0.7863205075263977, 0.8382426500320435, 0.7314028739929199, 0.7978032827377319, 0.8102845549583435, 0.8322516083717346, 0.7538691759109497, 0.7438841462135315, 0.8776834607124329, 0.7329006195068359, 0.7184223532676697, 0.6635047197341919, 0.8142786026000977, 0.8622066974639893, 0.8497254252433777, 0.6669995188713074, 0.8112830519676208, 0.8362456560134888, 0.8092860579490662, 0.9116325378417969, 0.8397403955459595, 0.8427358865737915, 0.8676984310150146, 0.787319004535675, 0.8517224192619324, 0.8482276797294617, 0.8072890639305115, 0.881677508354187, 0.680978536605835, 0.7958062887191772, 0.7888167500495911, 0.8781827092170715, 0.7923115491867065, 0.8871692419052124, 0.9006490111351013, 0.8652021884918213, 0.7413879036903381, 0.8327508568763733, 0.8632051944732666, 0.833250105381012, 0.7104343771934509, 0.8766849637031555, 0.8791812062263489, 0.8207688331604004, 0.7753369808197021, 0.8691961765289307, 0.8856714963912964]}