{"loss": [0.7399111390113831, 0.647851288318634, 0.5921682119369507, 0.5519441366195679, 0.5210151076316833, 0.4900817573070526, 0.46754923462867737, 0.44109976291656494, 0.41780292987823486, 0.3927287459373474, 0.36818525195121765, 0.3546121418476105, 0.3236580193042755, 0.31542274355888367, 0.3026244044303894, 0.28871282935142517, 0.26613956689834595, 0.25168636441230774, 0.24147361516952515, 0.23018068075180054, 0.2086099088191986, 0.1986837387084961, 0.19921153783798218, 0.18459708988666534, 0.17194098234176636, 0.17137880623340607, 0.15725652873516083, 0.15660297870635986, 0.14384379982948303, 0.14156237244606018, 0.13037629425525665, 0.1372002810239792, 0.11778510361909866, 0.11807943135499954, 0.11789985001087189, 0.10815691947937012, 0.11348738521337509, 0.10334300249814987, 0.10438838601112366, 0.09166958928108215, 0.08946534991264343, 0.09824033081531525, 0.09067267179489136, 0.07521366328001022, 0.08109957724809647, 0.07265051454305649, 0.07174929231405258, 0.074677973985672, 0.06965001672506332, 0.06705891340970993, 0.07152249664068222, 0.059968478977680206, 0.07035617530345917, 0.06087785214185715, 0.07085323333740234, 0.057641807943582535, 0.05854508653283119, 0.051696766167879105, 0.04710090160369873, 0.0564052052795887], "accuracy": [0.691769540309906, 0.7288065552711487, 0.7526748776435852, 0.7742798328399658, 0.786831259727478, 0.8012345433235168, 0.807201623916626, 0.8205761313438416, 0.835185170173645, 0.8401234745979309, 0.8545267581939697, 0.8600823283195496, 0.8724279999732971, 0.8757201433181763, 0.8829218149185181, 0.8893004059791565, 0.8975308537483215, 0.901646077632904, 0.9109053611755371, 0.9106996059417725, 0.92304527759552, 0.9271605014801025, 0.9234567880630493, 0.9300411343574524, 0.9364197254180908, 0.9374485611915588, 0.9397119283676147, 0.9421810507774353, 0.952674925327301, 0.9448559880256653, 0.9530864357948303, 0.9485596418380737, 0.9588477611541748, 0.9547325372695923, 0.9561728239059448, 0.9609053730964661, 0.9565843343734741, 0.9648148417472839, 0.9588477611541748, 0.9656378626823425, 0.968724250793457, 0.9650205969810486, 0.970370352268219, 0.973045289516449, 0.9705761075019836, 0.9746913313865662, 0.9769547581672668, 0.9732510447502136, 0.9734567999839783, 0.9763374328613281, 0.9751029014587402, 0.9775720238685608, 0.9738683104515076, 0.9800411462783813, 0.9753086566925049, 0.9788065552711487, 0.9800411462783813, 0.9847736358642578, 0.9835391044616699, 0.9794238805770874], "val_loss": [0.9302304983139038, 0.7001274228096008, 0.6103957295417786, 0.6319060325622559, 0.6757548451423645, 0.5494775772094727, 0.5961925983428955, 0.5684079527854919, 0.49159830808639526, 0.49766358733177185, 0.46640756726264954, 0.5731698274612427, 0.46936413645744324, 0.43940258026123047, 0.41170555353164673, 0.4105171859264374, 0.40077686309814453, 0.39031195640563965, 0.35272902250289917, 0.360265851020813, 0.3642517924308777, 0.36725279688835144, 0.33901315927505493, 0.339087575674057, 0.3707461655139923, 0.3513135612010956, 0.29304155707359314, 0.3392632305622101, 0.30159473419189453, 0.33217939734458923, 0.29831066727638245, 0.32508790493011475, 0.3032672703266144, 0.27922287583351135, 0.33736568689346313, 0.33285361528396606, 0.2962290346622467, 0.27987509965896606, 0.28950560092926025, 0.2672630250453949, 0.3100796043872833, 0.2778435945510864, 0.23681801557540894, 0.3017379343509674, 0.2855921685695648, 0.2850610613822937, 0.27285972237586975, 0.2776373624801636, 0.2709750533103943, 0.3051292896270752, 0.2930784821510315, 0.2846169173717499, 0.301262229681015, 0.279687762260437, 0.2540055215358734, 0.2508927583694458, 0.24265745282173157, 0.27195799350738525, 0.2992766201496124, 0.2531754672527313], "val_accuracy": [0.6970370411872864, 0.7281481623649597, 0.7511110901832581, 0.7407407164573669, 0.7555555701255798, 0.7814815044403076, 0.7696296572685242, 0.7814815044403076, 0.8029629588127136, 0.8244444727897644, 0.8088889122009277, 0.7837036848068237, 0.8237037062644958, 0.8303703665733337, 0.8459259271621704, 0.8496296405792236, 0.8474074006080627, 0.855555534362793, 0.8718518614768982, 0.8703703880310059, 0.8659259080886841, 0.8674073815345764, 0.8888888955116272, 0.8799999952316284, 0.8770370483398438, 0.8829629421234131, 0.9007407426834106, 0.8940740823745728, 0.8948147892951965, 0.8999999761581421, 0.9066666960716248, 0.9007407426834106, 0.8992592692375183, 0.9014815092086792, 0.919259250164032, 0.9081481695175171, 0.9059259295463562, 0.9133333563804626, 0.9207407236099243, 0.9229629635810852, 0.9185185432434082, 0.9177777767181396, 0.9303703904151917, 0.9096296429634094, 0.9155555367469788, 0.9333333373069763, 0.9177777767181396, 0.9288889169692993, 0.9266666769981384, 0.9177777767181396, 0.9303703904151917, 0.931851863861084, 0.9281481504440308, 0.9333333373069763, 0.9385185241699219, 0.9377777576446533, 0.9414814710617065, 0.9414814710617065, 0.9348148107528687, 0.9422222375869751]}