{"loss": [0.8189429640769958, 0.6401438117027283, 0.5807108879089355, 0.5412693619728088, 0.5034230351448059, 0.47556716203689575, 0.4556494951248169, 0.43947237730026245, 0.4141606390476227, 0.40107840299606323, 0.38559630513191223, 0.37523195147514343, 0.35906267166137695, 0.3458334505558014, 0.337610125541687, 0.3276402950286865, 0.3260985314846039, 0.31745824217796326, 0.3065478801727295, 0.2952711880207062, 0.29115569591522217, 0.2851083278656006, 0.27363720536231995, 0.27311593294143677, 0.2651034891605377, 0.2553650438785553, 0.25315675139427185, 0.23649241030216217, 0.24318866431713104, 0.23468084633350372, 0.23034429550170898, 0.22323714196681976, 0.22429965436458588, 0.22554649412631989, 0.20975372195243835, 0.21389544010162354, 0.20574428141117096, 0.2041679471731186, 0.1933295875787735, 0.19830289483070374, 0.1923295110464096, 0.19122017920017242, 0.18665748834609985, 0.18232834339141846, 0.1859336793422699, 0.18060442805290222, 0.1731635481119156, 0.16872479021549225, 0.16655462980270386, 0.16315728425979614, 0.1713578999042511, 0.16126850247383118, 0.16065168380737305, 0.1607508361339569, 0.15457090735435486, 0.1542448103427887, 0.14709486067295074, 0.1533360779285431, 0.14984239637851715, 0.14502081274986267], "accuracy": [0.7168247699737549, 0.7669495940208435, 0.792910635471344, 0.7996006011962891, 0.8121817111968994, 0.8258612155914307, 0.8308537006378174, 0.8355466723442078, 0.8467299342155457, 0.8491263389587402, 0.8572141528129578, 0.8591113090515137, 0.8651023507118225, 0.8697953224182129, 0.874588131904602, 0.8770843744277954, 0.8793809413909912, 0.885871171951294, 0.8859710693359375, 0.8911632299423218, 0.8924612998962402, 0.8955566883087158, 0.8983524441719055, 0.8965551853179932, 0.9031452536582947, 0.904842734336853, 0.9064403176307678, 0.9122316241264343, 0.9113330245018005, 0.9111332893371582, 0.9160259366035461, 0.917923092842102, 0.9167249202728271, 0.9157264232635498, 0.9225162267684937, 0.9200199842453003, 0.9290065169334412, 0.9246130585670471, 0.932101845741272, 0.9266101121902466, 0.9279081225395203, 0.9298052787780762, 0.9312031865119934, 0.9329006671905518, 0.9305042624473572, 0.9303045272827148, 0.9381927251815796, 0.9414877891540527, 0.9397903084754944, 0.9410883784294128, 0.9368946552276611, 0.940688967704773, 0.9419870376586914, 0.9422865509986877, 0.9439840316772461, 0.9437842965126038, 0.9481777548789978, 0.9433849453926086, 0.9479780197143555, 0.9476785063743591], "val_loss": [0.727632999420166, 0.6423600316047668, 0.7562839984893799, 0.5214042067527771, 1.081383228302002, 0.7183777093887329, 0.8569070100784302, 0.46919092535972595, 0.5074988007545471, 1.0238709449768066, 0.3671742379665375, 0.4301707446575165, 0.4439665973186493, 0.37990453839302063, 0.5766977071762085, 0.8462753295898438, 0.7621321678161621, 0.2831115424633026, 0.5855321288108826, 0.8735888004302979, 0.5608475208282471, 0.7646504640579224, 0.37852397561073303, 1.091681718826294, 0.9769206643104553, 0.41527482867240906, 0.26044386625289917, 0.4127058982849121, 1.1385127305984497, 0.38303300738334656, 0.42155349254608154, 0.7305605411529541, 0.3595440685749054, 0.5699758529663086, 0.36282071471214294, 0.6473801136016846, 0.5385717749595642, 0.5896384716033936, 0.7049807906150818, 0.4658588767051697, 0.5637701153755188, 0.8153261542320251, 0.7433215975761414, 0.5034946203231812, 0.5014638900756836, 0.6551406979560852, 0.48775455355644226, 0.31744495034217834, 0.5062814950942993, 0.631890594959259, 0.6638127565383911, 0.4226655066013336, 0.5526081323623657, 0.7261566519737244, 0.5300877690315247, 0.49335673451423645, 0.7057870626449585, 0.6536884903907776, 0.5194851160049438, 0.35060685873031616], "val_accuracy": [0.7688467502593994, 0.748876690864563, 0.7269096374511719, 0.8002995252609253, 0.6714927554130554, 0.7728407382965088, 0.7274088859558105, 0.8337493538856506, 0.8082875609397888, 0.6879680752754211, 0.8652021884918213, 0.849226176738739, 0.8367449045181274, 0.8652021884918213, 0.8122815489768982, 0.7498751878738403, 0.7643534541130066, 0.8966550230979919, 0.8052920699119568, 0.747378945350647, 0.8192710876464844, 0.7638542056083679, 0.864203691482544, 0.7124313712120056, 0.7593609690666199, 0.8662006855010986, 0.9106340408325195, 0.864203691482544, 0.679480791091919, 0.8726909756660461, 0.8691961765289307, 0.7928107976913452, 0.8746879696846008, 0.8227658271789551, 0.8766849637031555, 0.8267598748207092, 0.8357464075088501, 0.8272591233253479, 0.7998002767562866, 0.8552171587944031, 0.8377434015274048, 0.7778332233428955, 0.8032950758934021, 0.850723922252655, 0.8527209162712097, 0.8232650756835938, 0.8552171587944031, 0.8961557745933533, 0.850723922252655, 0.8302546143531799, 0.8272591233253479, 0.8736894726753235, 0.8432351350784302, 0.8072890639305115, 0.8482276797294617, 0.8537194132804871, 0.816774845123291, 0.8177733421325684, 0.8542186617851257, 0.8866699934005737]}