{"loss": [1.0911473035812378, 0.7590330839157104, 0.7004125118255615, 0.6395089626312256, 0.6183140873908997, 0.5988336801528931, 0.5752648115158081, 0.548600971698761, 0.5329588055610657, 0.5032548308372498, 0.4951784610748291, 0.4671054184436798, 0.46944496035575867, 0.4495982229709625, 0.44327765703201294, 0.4390934407711029, 0.41930684447288513, 0.41526415944099426, 0.39087581634521484, 0.3823801279067993, 0.37547338008880615, 0.3621332347393036, 0.3579340875148773, 0.3435138165950775, 0.33678382635116577, 0.3203045725822449, 0.31954723596572876, 0.3102899193763733, 0.31499648094177246, 0.28694257140159607, 0.28523093461990356, 0.28759950399398804, 0.26852643489837646, 0.26590582728385925, 0.271210253238678, 0.25293976068496704, 0.24918295443058014, 0.2541315257549286, 0.23840279877185822, 0.22907677292823792, 0.24224713444709778, 0.23139502108097076, 0.22611144185066223, 0.21653206646442413, 0.21511316299438477, 0.19511137902736664, 0.2003123164176941, 0.19270233809947968, 0.1952897608280182, 0.19284553825855255, 0.18988975882530212, 0.18221022188663483, 0.1870245337486267, 0.16860084235668182, 0.18140552937984467, 0.1675611287355423, 0.17460408806800842, 0.158396378159523, 0.15254206955432892, 0.15647317469120026], "accuracy": [0.6298353672027588, 0.6893004179000854, 0.7185184955596924, 0.7343621253967285, 0.7397119402885437, 0.7594650387763977, 0.7635802626609802, 0.7740740776062012, 0.7825102806091309, 0.7969135642051697, 0.798353910446167, 0.8141975402832031, 0.8113168478012085, 0.8168724179267883, 0.8232510089874268, 0.8255143761634827, 0.8339506387710571, 0.8390946388244629, 0.8465020656585693, 0.8537036776542664, 0.8584362268447876, 0.8606995940208435, 0.863785982131958, 0.866460919380188, 0.8713991641998291, 0.876337468624115, 0.8808642029762268, 0.8825103044509888, 0.8802469372749329, 0.8903292417526245, 0.8938271403312683, 0.8888888955116272, 0.9004115462303162, 0.9002057909965515, 0.8971193432807922, 0.9022634029388428, 0.9053497910499573, 0.9026749134063721, 0.9106996059417725, 0.9179012179374695, 0.9106996059417725, 0.9168724417686462, 0.9162551164627075, 0.9176954627037048, 0.9181069731712341, 0.9320987462997437, 0.9234567880630493, 0.933539092540741, 0.9257201552391052, 0.9277777671813965, 0.9294238686561584, 0.9362139701843262, 0.9331275820732117, 0.9378600716590881, 0.934567928314209, 0.9353909492492676, 0.9360082149505615, 0.943415641784668, 0.9479423761367798, 0.9438271522521973], "val_loss": [1.0526875257492065, 0.782006561756134, 0.6900007128715515, 0.7388561367988586, 0.75620037317276, 0.5951920747756958, 0.621177077293396, 0.6344524025917053, 0.5643105506896973, 0.5473594069480896, 0.633274495601654, 0.5711941123008728, 0.5319594144821167, 0.5383825898170471, 0.49915969371795654, 0.6056824922561646, 0.5067752003669739, 0.4864536225795746, 0.4913631081581116, 0.47248461842536926, 0.4509635865688324, 0.4626757502555847, 0.5070423483848572, 0.4691036343574524, 0.4400728940963745, 0.5038384795188904, 0.43650588393211365, 0.48845404386520386, 0.4789806306362152, 0.4382160007953644, 0.4541439712047577, 0.45066848397254944, 0.4320545196533203, 0.4140232503414154, 0.4154725968837738, 0.42433467507362366, 0.40588945150375366, 0.3956791162490845, 0.38975369930267334, 0.3939899504184723, 0.4737866222858429, 0.4008260667324066, 0.3522205948829651, 0.39922285079956055, 0.38622087240219116, 0.3894878923892975, 0.4326426088809967, 0.4126262366771698, 0.3628925383090973, 0.36346518993377686, 0.3689440190792084, 0.3810048997402191, 0.3606126606464386, 0.33270782232284546, 0.31509169936180115, 0.3453824520111084, 0.3247798979282379, 0.33645713329315186, 0.3560221493244171, 0.3466169536113739], "val_accuracy": [0.6866666674613953, 0.7266666889190674, 0.7281481623649597, 0.7222222089767456, 0.7318518757820129, 0.7548148036003113, 0.7666666507720947, 0.7540740966796875, 0.7785184979438782, 0.7807407379150391, 0.7674074172973633, 0.7844444513320923, 0.7918518781661987, 0.7881481647491455, 0.8007407188415527, 0.7733333110809326, 0.8074073791503906, 0.8118518590927124, 0.8096296191215515, 0.8199999928474426, 0.817037045955658, 0.8207407593727112, 0.8148148059844971, 0.8296296000480652, 0.8296296000480652, 0.8177777528762817, 0.8325926065444946, 0.8111110925674438, 0.8251851797103882, 0.8451851606369019, 0.8377777934074402, 0.8429629802703857, 0.8399999737739563, 0.8444444537162781, 0.8437036871910095, 0.838518500328064, 0.8474074006080627, 0.8577777743339539, 0.8651852011680603, 0.8622221946716309, 0.8422222137451172, 0.8548148274421692, 0.8755555748939514, 0.8607407212257385, 0.8600000143051147, 0.8718518614768982, 0.8348147869110107, 0.8614814877510071, 0.8777777552604675, 0.8792592883110046, 0.885185182094574, 0.8711110949516296, 0.8785185217857361, 0.8903703689575195, 0.9074074029922485, 0.8822222352027893, 0.8933333158493042, 0.8940740823745728, 0.889629602432251, 0.8940740823745728]}