{"loss": [0.8194751739501953, 0.6676415801048279, 0.6009235382080078, 0.559243381023407, 0.5186787843704224, 0.4890782833099365, 0.47223222255706787, 0.45274296402931213, 0.42508265376091003, 0.40485119819641113, 0.3847426176071167, 0.3844999670982361, 0.36534518003463745, 0.3483473062515259, 0.3440931737422943, 0.3261834681034088, 0.32277169823646545, 0.3119087815284729, 0.3071872293949127, 0.294296532869339, 0.2908056676387787, 0.2739779055118561, 0.2663717269897461, 0.26053908467292786, 0.25584322214126587, 0.2531448006629944, 0.2484370619058609, 0.24115419387817383, 0.2346590906381607, 0.22686395049095154, 0.2230202853679657, 0.21452213823795319, 0.20827147364616394, 0.21284328401088715, 0.19770653545856476, 0.20103423297405243, 0.19768455624580383, 0.18772614002227783, 0.18301746249198914, 0.18294541537761688, 0.17398673295974731, 0.17431728541851044, 0.17537565529346466, 0.17019407451152802, 0.17317837476730347, 0.16696904599666595, 0.15980488061904907, 0.15801827609539032, 0.14763660728931427, 0.1501915603876114, 0.15347471833229065, 0.15632502734661102, 0.1366492509841919, 0.1392558068037033, 0.13857729732990265, 0.1404268890619278, 0.1353396326303482, 0.13540872931480408, 0.1344965696334839, 0.13156376779079437], "accuracy": [0.7147278785705566, 0.75896155834198, 0.7848227620124817, 0.7947079539299011, 0.8076884746551514, 0.8201697468757629, 0.8289565443992615, 0.8356465101242065, 0.8410384654998779, 0.8514228463172913, 0.8569146394729614, 0.8560159802436829, 0.8662006855010986, 0.8716924786567688, 0.8731902241706848, 0.8799800276756287, 0.8789815306663513, 0.8867698311805725, 0.8825761079788208, 0.8888667225837708, 0.8922616243362427, 0.9025461673736572, 0.8999500870704651, 0.9032451510429382, 0.9068397283554077, 0.9025461673736572, 0.9081377983093262, 0.9099351167678833, 0.9124313592910767, 0.9146280288696289, 0.9159260988235474, 0.9217174053192139, 0.9245132207870483, 0.9246130585670471, 0.9285072684288025, 0.9247129559516907, 0.9281078577041626, 0.9296056032180786, 0.9333999156951904, 0.9343984127044678, 0.9355965852737427, 0.9367948174476624, 0.9368946552276611, 0.9392910599708557, 0.9381927251815796, 0.9393908977508545, 0.9441837072372437, 0.9424862861633301, 0.947378933429718, 0.9471792578697205, 0.9433849453926086, 0.9450823664665222, 0.952271580696106, 0.9500749111175537, 0.9497753381729126, 0.9487768411636353, 0.9500749111175537, 0.9513729214668274, 0.951472818851471, 0.9533699154853821], "val_loss": [0.8817512392997742, 0.5511200428009033, 0.7666652798652649, 0.7853115797042847, 0.7065650820732117, 0.48705872893333435, 0.5480302572250366, 0.7688720226287842, 0.6342636346817017, 1.462712287902832, 0.3471141755580902, 0.4343968629837036, 0.6125903129577637, 0.435581237077713, 0.39120519161224365, 0.9084846377372742, 0.45333439111709595, 0.39386123418807983, 0.39514318108558655, 0.5522536635398865, 0.3777259886264801, 0.352344810962677, 0.730070173740387, 1.2996407747268677, 1.150626540184021, 1.0241230726242065, 0.5746431946754456, 0.26388904452323914, 0.2274324595928192, 0.5874987244606018, 0.5844824910163879, 0.31274324655532837, 1.122762680053711, 0.4417836368083954, 0.302322119474411, 0.5149950385093689, 0.6326590180397034, 0.7876840829849243, 0.4389716386795044, 0.3686700165271759, 0.645475447177887, 0.8472651243209839, 0.7463786602020264, 0.36560729146003723, 0.5521729588508606, 0.5004884600639343, 0.49132034182548523, 0.33847007155418396, 0.44325894117355347, 0.6520012021064758, 0.35689881443977356, 0.3986469805240631, 0.30796265602111816, 0.8765662312507629, 0.4434366822242737, 0.554925799369812, 0.7497549057006836, 0.38694801926612854, 0.38205793499946594, 0.4261047840118408], "val_accuracy": [0.7054418325424194, 0.8067898154258728, 0.7463804483413696, 0.7034448385238647, 0.7628557085990906, 0.8357464075088501, 0.8177733421325684, 0.7239141464233398, 0.7653519511222839, 0.5751373171806335, 0.8751872181892395, 0.850723922252655, 0.800798773765564, 0.8582127094268799, 0.8741887211799622, 0.7388916611671448, 0.8711932301521301, 0.8512231707572937, 0.8666999340057373, 0.8062905669212341, 0.8706939816474915, 0.8776834607124329, 0.7588617205619812, 0.6779830455780029, 0.6964552998542786, 0.7343984246253967, 0.8257613778114319, 0.9046430587768555, 0.9121317863464355, 0.8247628808021545, 0.8327508568763733, 0.8896654844284058, 0.6864702701568604, 0.852221667766571, 0.8961557745933533, 0.852221667766571, 0.8132801055908203, 0.7773339748382568, 0.8562156558036804, 0.8786819577217102, 0.8207688331604004, 0.7718422412872314, 0.800798773765564, 0.8956565260887146, 0.8412381410598755, 0.8652021884918213, 0.8597104549407959, 0.9036445617675781, 0.8711932301521301, 0.8127808570861816, 0.8921617865562439, 0.8736894726753235, 0.9031452536582947, 0.7863205075263977, 0.8776834607124329, 0.8362456560134888, 0.8192710876464844, 0.8796804547309875, 0.8946580290794373, 0.8681976795196533]}