{"loss": [0.7939346432685852, 0.6293445825576782, 0.5677326321601868, 0.5326452255249023, 0.48963838815689087, 0.46257713437080383, 0.4438825249671936, 0.4274882674217224, 0.3975989520549774, 0.37726762890815735, 0.36240625381469727, 0.36434710025787354, 0.34092697501182556, 0.3190539479255676, 0.3175010681152344, 0.3061602711677551, 0.2967483699321747, 0.28799283504486084, 0.2804310619831085, 0.2696647047996521, 0.2597956657409668, 0.25465479493141174, 0.24099938571453094, 0.23865345120429993, 0.23256680369377136, 0.22632341086864471, 0.21802739799022675, 0.2119123786687851, 0.2065674215555191, 0.19869999587535858, 0.19575293362140656, 0.18701577186584473, 0.1876603364944458, 0.19585274159908295, 0.1744476854801178, 0.17317628860473633, 0.16846562922000885, 0.16161012649536133, 0.1612921506166458, 0.16322273015975952, 0.16098466515541077, 0.15245094895362854, 0.14691929519176483, 0.14757418632507324, 0.1448383331298828, 0.14017419517040253, 0.13763362169265747, 0.13434730470180511, 0.12825901806354523, 0.12834851443767548, 0.1333891749382019, 0.12703146040439606, 0.12062975764274597, 0.12125977128744125, 0.11507425457239151, 0.11558306217193604, 0.11009132117033005, 0.1134711354970932, 0.1119823157787323, 0.11033838987350464], "accuracy": [0.7227159142494202, 0.7703444957733154, 0.7979031205177307, 0.8056914806365967, 0.8202695846557617, 0.8291562795639038, 0.839141309261322, 0.843334972858429, 0.8520219922065735, 0.8612082004547119, 0.8652021884918213, 0.8665002584457397, 0.873090386390686, 0.8818771839141846, 0.8818771839141846, 0.8852720856666565, 0.88736891746521, 0.8933599591255188, 0.8958562016487122, 0.8998502492904663, 0.9051423072814941, 0.9060409665107727, 0.9129306077957153, 0.910434365272522, 0.9150274395942688, 0.9139291048049927, 0.9178232550621033, 0.9219171404838562, 0.9251123070716858, 0.9253120422363281, 0.9282076954841614, 0.9312031865119934, 0.9293060302734375, 0.928007960319519, 0.9347978234291077, 0.9376934766769409, 0.9392910599708557, 0.9410883784294128, 0.9419870376586914, 0.9399900436401367, 0.9410883784294128, 0.9448826909065247, 0.9466800093650818, 0.9469795227050781, 0.947378933429718, 0.9485771059989929, 0.949575662612915, 0.951073408126831, 0.9533699154853821, 0.9535696506500244, 0.9517723321914673, 0.955267071723938, 0.9546679854393005, 0.9570643901824951, 0.9575636386871338, 0.9584622979164124, 0.9603594541549683, 0.961158275604248, 0.9608587026596069, 0.9603594541549683], "val_loss": [0.6026012897491455, 0.6345850825309753, 0.6341243982315063, 0.536809504032135, 0.5131762623786926, 0.5714595317840576, 0.48359325528144836, 1.247444748878479, 0.3706643283367157, 1.000382423400879, 0.411668062210083, 0.31635043025016785, 0.6408293843269348, 0.4285079538822174, 0.5984418988227844, 0.37950220704078674, 0.7366254925727844, 0.5087165832519531, 0.8904320001602173, 1.215304970741272, 0.8337447643280029, 0.4060347080230713, 0.3839534819126129, 1.8808223009109497, 2.1149957180023193, 0.770211398601532, 0.5436615347862244, 0.438143253326416, 0.851836621761322, 0.6434369683265686, 0.3933992385864258, 0.42266151309013367, 0.34163418412208557, 0.8320894837379456, 0.2916181683540344, 0.35252898931503296, 0.4362329840660095, 0.5835538506507874, 0.3337542414665222, 0.39278095960617065, 0.6504100561141968, 0.6175552606582642, 0.628607451915741, 0.4925069808959961, 0.22853206098079681, 0.5800697207450867, 0.46868011355400085, 0.3819847106933594, 0.4650871157646179, 0.7226382493972778, 0.5649086236953735, 0.2783432602882385, 0.5129045248031616, 0.6186364889144897, 1.074341893196106, 0.4702543318271637, 0.6519507169723511, 0.45476728677749634, 0.4329496920108795, 0.23713506758213043], "val_accuracy": [0.7978032827377319, 0.7618572115898132, 0.7723414897918701, 0.8162755966186523, 0.8267598748207092, 0.8157763481140137, 0.8312531113624573, 0.6295556426048279, 0.8647029399871826, 0.6974537968635559, 0.8517224192619324, 0.8866699934005737, 0.8147778511047363, 0.8542186617851257, 0.815277099609375, 0.8652021884918213, 0.7918123006820679, 0.8242636322975159, 0.7373939156532288, 0.6819770336151123, 0.7773339748382568, 0.8676984310150146, 0.8716924786567688, 0.6060908436775208, 0.568647027015686, 0.7958062887191772, 0.8427358865737915, 0.8647029399871826, 0.7743384838104248, 0.8257613778114319, 0.8871692419052124, 0.8662006855010986, 0.8881677389144897, 0.782825767993927, 0.9076385498046875, 0.8971542716026306, 0.8701947331428528, 0.8517224192619324, 0.8951572775840759, 0.8821767568588257, 0.8467299342155457, 0.833250105381012, 0.8532201647758484, 0.8637044429779053, 0.9251123070716858, 0.8552171587944031, 0.8681976795196533, 0.8896654844284058, 0.8701947331428528, 0.834747850894928, 0.8602097034454346, 0.9116325378417969, 0.864203691482544, 0.8382426500320435, 0.7568647265434265, 0.8766849637031555, 0.8567149043083191, 0.867199182510376, 0.8811782598495483, 0.9256115555763245]}