{"loss": [1.0718095302581787, 0.7454285025596619, 0.6667243838310242, 0.6179242730140686, 0.5824593901634216, 0.5483530163764954, 0.5278358459472656, 0.5128867030143738, 0.48166465759277344, 0.4687689542770386, 0.45549777150154114, 0.4429958164691925, 0.4320264160633087, 0.41293397545814514, 0.41470205783843994, 0.39110472798347473, 0.3944564163684845, 0.38502246141433716, 0.37498655915260315, 0.36627262830734253, 0.35330021381378174, 0.35407501459121704, 0.34347793459892273, 0.34153467416763306, 0.33536604046821594, 0.32861533761024475, 0.3227459490299225, 0.31637826561927795, 0.31860652565956116, 0.30852845311164856, 0.3012966513633728, 0.28909680247306824, 0.2936355173587799, 0.2969343662261963, 0.28017348051071167, 0.2772637605667114, 0.27919742465019226, 0.2725760042667389, 0.2607164680957794, 0.26440444588661194, 0.26312413811683655, 0.26083895564079285, 0.2559864819049835, 0.2509203553199768, 0.2555350661277771, 0.24698057770729065, 0.24031203985214233, 0.23980377614498138, 0.23151512444019318, 0.22885724902153015, 0.2327408790588379, 0.23048008978366852, 0.2215852439403534, 0.22526569664478302, 0.22182078659534454, 0.22620059549808502, 0.2165750116109848, 0.22054967284202576, 0.21542476117610931, 0.21124780178070068], "accuracy": [0.6805791258811951, 0.7376934885978699, 0.7599600553512573, 0.7732401490211487, 0.7811282873153687, 0.7984023690223694, 0.8049924969673157, 0.8101847171783447, 0.8192710876464844, 0.8234648108482361, 0.8276585340499878, 0.8328506946563721, 0.8395406603813171, 0.8465301990509033, 0.8437343835830688, 0.8536195755004883, 0.8540189862251282, 0.8559161424636841, 0.8587119579315186, 0.8631053566932678, 0.8688966631889343, 0.8702945709228516, 0.873090386390686, 0.8714927434921265, 0.8731902241706848, 0.8763854503631592, 0.8829755187034607, 0.880978524684906, 0.881677508354187, 0.8830754160881042, 0.8894658088684082, 0.8900648951530457, 0.8907638788223267, 0.8864703178405762, 0.8942586183547974, 0.8967548608779907, 0.8969545960426331, 0.896255612373352, 0.9029455780982971, 0.8998502492904663, 0.9036445617675781, 0.9043434858322144, 0.9039440751075745, 0.9056415557861328, 0.9037443995475769, 0.9083374738693237, 0.9078382253646851, 0.910434365272522, 0.9147279262542725, 0.91492760181427, 0.9128307700157166, 0.9124313592910767, 0.9197204113006592, 0.9143285155296326, 0.9188217520713806, 0.9153270125389099, 0.9208187460899353, 0.9163255095481873, 0.9219171404838562, 0.9221168160438538], "val_loss": [1.0861210823059082, 0.9800670146942139, 0.5939418077468872, 0.7824664115905762, 1.2483158111572266, 0.89991295337677, 0.5609909296035767, 0.9113924503326416, 0.8482557535171509, 1.3814257383346558, 0.4901089370250702, 0.5219660401344299, 0.5645252466201782, 0.4092704951763153, 0.6210780739784241, 0.8321390748023987, 0.6499568819999695, 0.5032888650894165, 1.1402391195297241, 1.2695716619491577, 0.9392443299293518, 1.0621525049209595, 0.590695321559906, 1.0870864391326904, 1.2559783458709717, 0.6117448806762695, 0.7450152635574341, 0.7427794337272644, 0.5074175596237183, 0.7407156229019165, 0.6495683193206787, 0.5834299921989441, 0.5207014083862305, 0.5953333973884583, 0.3754744827747345, 0.5995790362358093, 0.44819146394729614, 0.7850100994110107, 1.3232752084732056, 0.45445796847343445, 0.6362139582633972, 1.0215184688568115, 0.684893012046814, 0.5089492797851562, 0.707307755947113, 0.8763766288757324, 0.6290257573127747, 0.40654826164245605, 0.9847638010978699, 0.8060813546180725, 0.5444308519363403, 0.6345736980438232, 0.6889046430587769, 0.9134986996650696, 0.6245833039283752, 0.6034889221191406, 0.7472232580184937, 0.8291770815849304, 0.6373885273933411, 0.46061524748802185], "val_accuracy": [0.7009485960006714, 0.7358961701393127, 0.7913130521774292, 0.7498751878738403, 0.6065900921821594, 0.7543684244155884, 0.7998002767562866, 0.6864702701568604, 0.7264103889465332, 0.6345481872558594, 0.8187718391418457, 0.8142786026000977, 0.8032950758934021, 0.8467299342155457, 0.7923115491867065, 0.7453819513320923, 0.7968047857284546, 0.8272591233253479, 0.7219171524047852, 0.7109336256980896, 0.7363954186439514, 0.7304043769836426, 0.8052920699119568, 0.7299051284790039, 0.7219171524047852, 0.8112830519676208, 0.7753369808197021, 0.7738392353057861, 0.8252621293067932, 0.7758362293243408, 0.8042935729026794, 0.8207688331604004, 0.831752359867096, 0.7978032827377319, 0.8691961765289307, 0.8217673301696777, 0.8452321290969849, 0.787319004535675, 0.7448827028274536, 0.847728431224823, 0.815277099609375, 0.7264103889465332, 0.7888167500495911, 0.8312531113624573, 0.7903145551681519, 0.7818272709846497, 0.8142786026000977, 0.8681976795196533, 0.7698452472686768, 0.7763354778289795, 0.8262606263160706, 0.8057913184165955, 0.8072890639305115, 0.7543684244155884, 0.8132801055908203, 0.8162755966186523, 0.7938092947006226, 0.7758362293243408, 0.8227658271789551, 0.847728431224823]}