{"loss": [0.7519491314888, 0.6595613360404968, 0.606480598449707, 0.5764522552490234, 0.547318160533905, 0.5072537660598755, 0.49235638976097107, 0.46537795662879944, 0.4477170705795288, 0.42574161291122437, 0.39737871289253235, 0.38192829489707947, 0.35496824979782104, 0.35044971108436584, 0.33539754152297974, 0.3273378908634186, 0.29289689660072327, 0.291009783744812, 0.27344080805778503, 0.2649308145046234, 0.24984514713287354, 0.23837526142597198, 0.2365877628326416, 0.21446430683135986, 0.20807991921901703, 0.20431359112262726, 0.19340501725673676, 0.18314626812934875, 0.19115255773067474, 0.17531688511371613, 0.1608073115348816, 0.16763898730278015, 0.15175940096378326, 0.14637866616249084, 0.14722466468811035, 0.13082195818424225, 0.13705353438854218, 0.1294931024312973, 0.11977334320545197, 0.12019462138414383, 0.12298757582902908, 0.12503685057163239, 0.11335928738117218, 0.10248047113418579, 0.10283511877059937, 0.09809643775224686, 0.08469419926404953, 0.0997762605547905, 0.09078007936477661, 0.0924660935997963, 0.08043168485164642, 0.08686762303113937, 0.0882616639137268, 0.07709981501102448, 0.08762004971504211, 0.0761733129620552, 0.07648221403360367, 0.07277311384677887, 0.06831624358892441, 0.07093645632266998], "accuracy": [0.692798376083374, 0.721399188041687, 0.7469135522842407, 0.7547324895858765, 0.7740740776062012, 0.7987654209136963, 0.7927983403205872, 0.8030864000320435, 0.8160493969917297, 0.8259259462356567, 0.8417695760726929, 0.8504115343093872, 0.8613168597221375, 0.8584362268447876, 0.8658435940742493, 0.8699588179588318, 0.886214017868042, 0.8833333253860474, 0.8930041193962097, 0.8981481194496155, 0.9028806686401367, 0.9094650149345398, 0.9055555462837219, 0.9183127284049988, 0.9232510328292847, 0.9253086447715759, 0.9248971343040466, 0.9314814805984497, 0.9279835224151611, 0.9314814805984497, 0.9421810507774353, 0.9347736835479736, 0.9432098865509033, 0.9481481313705444, 0.9471193552017212, 0.9514403343200684, 0.9469135999679565, 0.9534979462623596, 0.9572016596794128, 0.9565843343734741, 0.9555555582046509, 0.9537037014961243, 0.9588477611541748, 0.9617283940315247, 0.9654321074485779, 0.9639917612075806, 0.970370352268219, 0.9623456597328186, 0.9666666388511658, 0.9641975164413452, 0.9718106985092163, 0.9695473313331604, 0.9681069850921631, 0.9751029014587402, 0.968724250793457, 0.9734567999839783, 0.9744855761528015, 0.973045289516449, 0.9757201671600342, 0.973045289516449], "val_loss": [0.7452132105827332, 0.6453135013580322, 0.6837540864944458, 0.6595559120178223, 0.597557544708252, 0.6092365384101868, 0.5654821395874023, 0.6290054321289062, 0.5031263828277588, 0.5336266160011292, 0.4852571487426758, 0.561382532119751, 0.5385828018188477, 0.4505039155483246, 0.4626317024230957, 0.4374687969684601, 0.43052399158477783, 0.42191192507743835, 0.39055708050727844, 0.3826409578323364, 0.3610970377922058, 0.4159075617790222, 0.3591887950897217, 0.38425347208976746, 0.37884584069252014, 0.3980489671230316, 0.3475394546985626, 0.39247414469718933, 0.3740193843841553, 0.34333565831184387, 0.4109702706336975, 0.38859090209007263, 0.44004353880882263, 0.3325192928314209, 0.33266642689704895, 0.32637012004852295, 0.3128637969493866, 0.3228691816329956, 0.31631550192832947, 0.34315261244773865, 0.33631184697151184, 0.3385930359363556, 0.29283174872398376, 0.31891706585884094, 0.2907898724079132, 0.31287673115730286, 0.28741273283958435, 0.28221455216407776, 0.2628730833530426, 0.3251212239265442, 0.30739617347717285, 0.25188490748405457, 0.29855653643608093, 0.336325079202652, 0.2862994968891144, 0.3061392605304718, 0.2688045799732208, 0.267489492893219, 0.27153608202934265, 0.2759664058685303], "val_accuracy": [0.6925926208496094, 0.7370370626449585, 0.7355555295944214, 0.7355555295944214, 0.757777750492096, 0.757777750492096, 0.7755555510520935, 0.7718518376350403, 0.7933333516120911, 0.7977777719497681, 0.8037037253379822, 0.7807407379150391, 0.8029629588127136, 0.8192592859268188, 0.817037045955658, 0.8333333134651184, 0.838518500328064, 0.8348147869110107, 0.8592592477798462, 0.863703727722168, 0.8629629611968994, 0.8592592477798462, 0.8629629611968994, 0.8688889145851135, 0.8733333349227905, 0.8733333349227905, 0.8874074220657349, 0.8659259080886841, 0.8888888955116272, 0.8933333158493042, 0.8733333349227905, 0.885185182094574, 0.8644444346427917, 0.8955555558204651, 0.8999999761581421, 0.8925926089286804, 0.9007407426834106, 0.9037036895751953, 0.8999999761581421, 0.9007407426834106, 0.9037036895751953, 0.8940740823745728, 0.914814829826355, 0.9029629826545715, 0.9140740633010864, 0.9081481695175171, 0.9044444561004639, 0.9177777767181396, 0.9229629635810852, 0.9103703498840332, 0.914814829826355, 0.9244444370269775, 0.9222221970558167, 0.914814829826355, 0.9266666769981384, 0.9103703498840332, 0.9259259104728699, 0.9370370507240295, 0.9325925707817078, 0.9355555772781372]}