{"loss": [0.7624237537384033, 0.6619707942008972, 0.6132541298866272, 0.5793194770812988, 0.5521663427352905, 0.5163121819496155, 0.493267297744751, 0.47689107060432434, 0.4509313404560089, 0.4397762715816498, 0.414817750453949, 0.3905892074108124, 0.36354362964630127, 0.3682998716831207, 0.3399306833744049, 0.33434048295021057, 0.31181517243385315, 0.2989695966243744, 0.2952714264392853, 0.27746880054473877, 0.26038268208503723, 0.24419620633125305, 0.25847890973091125, 0.2338218092918396, 0.22384847700595856, 0.20713792741298676, 0.1974237710237503, 0.20847703516483307, 0.1980835199356079, 0.17729654908180237, 0.1843477189540863, 0.17589563131332397, 0.1664954125881195, 0.15679481625556946, 0.1463405191898346, 0.14141659438610077, 0.13822132349014282, 0.1366647183895111, 0.13476401567459106, 0.13095581531524658, 0.12447178363800049, 0.12157853692770004, 0.12491703778505325, 0.11306413263082504, 0.11156361550092697, 0.10488545894622803, 0.09622000902891159, 0.10905062407255173, 0.0971306785941124, 0.10128945857286453, 0.09705676138401031, 0.09340012073516846, 0.09360665827989578, 0.08886704593896866, 0.08595134317874908, 0.08609844744205475, 0.08198580890893936, 0.07876210659742355, 0.07822514325380325, 0.07281800359487534], "accuracy": [0.6806584596633911, 0.718724250793457, 0.7415637969970703, 0.7641975283622742, 0.7691357731819153, 0.7876543402671814, 0.7962962985038757, 0.8080247044563293, 0.8127571940422058, 0.8224279880523682, 0.8318930268287659, 0.845061719417572, 0.8590534925460815, 0.8477365970611572, 0.8668724298477173, 0.8693415522575378, 0.875308632850647, 0.8825103044509888, 0.8872427940368652, 0.895061731338501, 0.8987654447555542, 0.9076131582260132, 0.9004115462303162, 0.9080246686935425, 0.913168728351593, 0.9240740537643433, 0.9279835224151611, 0.9216049313545227, 0.9240740537643433, 0.9337448477745056, 0.9300411343574524, 0.9323045015335083, 0.9388889074325562, 0.9411522746086121, 0.9444444179534912, 0.9452674984931946, 0.949999988079071, 0.9493827223777771, 0.9483538866043091, 0.9530864357948303, 0.9555555582046509, 0.9567901492118835, 0.9543209671974182, 0.9567901492118835, 0.9594650268554688, 0.9617283940315247, 0.9674897193908691, 0.963168740272522, 0.9633744955062866, 0.9658436179161072, 0.9660493731498718, 0.968724250793457, 0.9654321074485779, 0.9701645970344543, 0.9701645970344543, 0.9705761075019836, 0.9738683104515076, 0.9726337194442749, 0.9732510447502136, 0.9738683104515076], "val_loss": [0.861675500869751, 0.6593613624572754, 0.6513283848762512, 0.6280331015586853, 0.684383749961853, 0.6520738005638123, 0.5422731041908264, 0.5492857694625854, 0.5383246541023254, 0.5265777111053467, 0.5026477575302124, 0.5267184376716614, 0.4980865716934204, 0.45136597752571106, 0.47500213980674744, 0.4654337167739868, 0.44387826323509216, 0.40698760747909546, 0.42536264657974243, 0.39517489075660706, 0.37632760405540466, 0.3998381793498993, 0.43493807315826416, 0.35807815194129944, 0.37207403779029846, 0.3708517849445343, 0.3550148010253906, 0.36205852031707764, 0.38154852390289307, 0.3489019274711609, 0.33895158767700195, 0.34284013509750366, 0.3679662346839905, 0.3417975902557373, 0.3614972233772278, 0.3545668423175812, 0.3145558834075928, 0.3168553411960602, 0.38162362575531006, 0.30242133140563965, 0.3323397934436798, 0.2942793667316437, 0.2877705991268158, 0.33919087052345276, 0.3089836835861206, 0.35086679458618164, 0.27966922521591187, 0.3129117786884308, 0.28982409834861755, 0.2991076111793518, 0.31700244545936584, 0.28228995203971863, 0.319110631942749, 0.3335004150867462, 0.2682059109210968, 0.2931446135044098, 0.2698346972465515, 0.29593488574028015, 0.34615573287010193, 0.2956426441669464], "val_accuracy": [0.6933333277702332, 0.7259259223937988, 0.729629635810852, 0.7451851963996887, 0.7407407164573669, 0.7607407569885254, 0.7777777910232544, 0.7881481647491455, 0.7962962985038757, 0.7948148250579834, 0.8059259057044983, 0.7962962985038757, 0.817037045955658, 0.8133333325386047, 0.8266666531562805, 0.8333333134651184, 0.8237037062644958, 0.8399999737739563, 0.855555534362793, 0.8562963008880615, 0.851111114025116, 0.8518518805503845, 0.8614814877510071, 0.8792592883110046, 0.8777777552604675, 0.885185182094574, 0.8814814686775208, 0.8837037086486816, 0.8844444155693054, 0.8992592692375183, 0.8911111354827881, 0.8933333158493042, 0.8881481289863586, 0.8962963223457336, 0.8970370292663574, 0.9029629826545715, 0.9111111164093018, 0.9059259295463562, 0.8918518424034119, 0.9088888764381409, 0.9125925898551941, 0.9133333563804626, 0.9111111164093018, 0.8962963223457336, 0.9222221970558167, 0.9155555367469788, 0.9162963032722473, 0.9155555367469788, 0.9259259104728699, 0.9207407236099243, 0.9214814901351929, 0.9244444370269775, 0.9274073839187622, 0.9133333563804626, 0.9370370507240295, 0.9237037301063538, 0.9296296238899231, 0.931851863861084, 0.9185185432434082, 0.9259259104728699]}