{"loss": [0.785086452960968, 0.666893720626831, 0.5901367664337158, 0.5510022640228271, 0.5233069658279419, 0.4882504940032959, 0.4701746702194214, 0.45347005128860474, 0.428070992231369, 0.4058515727519989, 0.3957219123840332, 0.3721749782562256, 0.3561152517795563, 0.35344910621643066, 0.3342410922050476, 0.3285125494003296, 0.3002774119377136, 0.2994008958339691, 0.28541433811187744, 0.2747066020965576, 0.2544885575771332, 0.23712095618247986, 0.2386314868927002, 0.22528478503227234, 0.21343806385993958, 0.2009672373533249, 0.2024419903755188, 0.19717322289943695, 0.1942652463912964, 0.1765691041946411, 0.16985918581485748, 0.16761331260204315, 0.15929046273231506, 0.1539459079504013, 0.16380968689918518, 0.14409469068050385, 0.1366022229194641, 0.14010702073574066, 0.13166992366313934, 0.12244544178247452, 0.12812569737434387, 0.12406696379184723, 0.11976511776447296, 0.10994800180196762, 0.11294200271368027, 0.10010933876037598, 0.09425011277198792, 0.10022640228271484, 0.09726864844560623, 0.09391693770885468, 0.0866818055510521, 0.08893422037363052, 0.08203280717134476, 0.08355747908353806, 0.09071407467126846, 0.0876103863120079, 0.08311474323272705, 0.07248195260763168, 0.07050354033708572, 0.07300949841737747], "accuracy": [0.6855967044830322, 0.7240740656852722, 0.7545267343521118, 0.7763374447822571, 0.7860082387924194, 0.8006172776222229, 0.8092592358589172, 0.8176954984664917, 0.8288065791130066, 0.836831271648407, 0.8444444537162781, 0.8572016358375549, 0.8656378388404846, 0.8646090626716614, 0.8713991641998291, 0.8722222447395325, 0.8876543045043945, 0.8882716298103333, 0.8905349969863892, 0.894444465637207, 0.9026749134063721, 0.9158436059951782, 0.9092592597007751, 0.9135802388191223, 0.9185185432434082, 0.924691379070282, 0.9203703999519348, 0.9269547462463379, 0.9288066029548645, 0.9349794387817383, 0.9364197254180908, 0.9366255402565002, 0.9409465193748474, 0.9425926208496094, 0.9386831521987915, 0.9485596418380737, 0.9537037014961243, 0.9508230686187744, 0.9545267224311829, 0.9584361910820007, 0.9506173133850098, 0.9553498029708862, 0.9561728239059448, 0.9629629850387573, 0.960493803024292, 0.9648148417472839, 0.9660493731498718, 0.9656378626823425, 0.9648148417472839, 0.9672839641571045, 0.968724250793457, 0.9676954746246338, 0.9709876775741577, 0.9709876775741577, 0.9681069850921631, 0.9691358208656311, 0.9711934328079224, 0.9732510447502136, 0.9753086566925049, 0.9746913313865662], "val_loss": [0.9009235501289368, 0.6405619978904724, 0.7080129981040955, 0.6096220016479492, 0.5605087876319885, 0.5581124424934387, 0.5692266225814819, 0.5416579246520996, 0.5223232507705688, 0.5107272267341614, 0.4696007966995239, 0.48490116000175476, 0.44011542201042175, 0.43345582485198975, 0.4326724410057068, 0.43489062786102295, 0.40928617119789124, 0.4145835041999817, 0.3997742533683777, 0.37705376744270325, 0.3617946207523346, 0.37583908438682556, 0.37328189611434937, 0.3900925815105438, 0.3446178436279297, 0.37976163625717163, 0.31642255187034607, 0.347929447889328, 0.3122509717941284, 0.315358430147171, 0.3437378704547882, 0.35412493348121643, 0.32002246379852295, 0.28362059593200684, 0.28522247076034546, 0.3207817077636719, 0.2862466871738434, 0.32333195209503174, 0.30682572722435, 0.312207967042923, 0.2803155183792114, 0.2764495313167572, 0.26709413528442383, 0.2914419174194336, 0.3032177686691284, 0.3081209361553192, 0.2955639660358429, 0.2978675961494446, 0.27986401319503784, 0.2730921506881714, 0.28569838404655457, 0.2579951882362366, 0.27584245800971985, 0.268037348985672, 0.25303319096565247, 0.2918117940425873, 0.26591214537620544, 0.24665391445159912, 0.2846212685108185, 0.2544974982738495], "val_accuracy": [0.712592601776123, 0.7355555295944214, 0.7244444489479065, 0.7622222304344177, 0.7770370244979858, 0.7733333110809326, 0.7829629778862, 0.7881481647491455, 0.7748148441314697, 0.8125925660133362, 0.8140740990638733, 0.8022222518920898, 0.8362963199615479, 0.8281481266021729, 0.8177777528762817, 0.8362963199615479, 0.8370370268821716, 0.855555534362793, 0.8459259271621704, 0.8518518805503845, 0.868148148059845, 0.8629629611968994, 0.8718518614768982, 0.863703727722168, 0.8718518614768982, 0.8674073815345764, 0.889629602432251, 0.8777777552604675, 0.8925926089286804, 0.8940740823745728, 0.8925926089286804, 0.8888888955116272, 0.8888888955116272, 0.9088888764381409, 0.9088888764381409, 0.8999999761581421, 0.9096296429634094, 0.8999999761581421, 0.8999999761581421, 0.9051851630210876, 0.9214814901351929, 0.9140740633010864, 0.9222221970558167, 0.9096296429634094, 0.914814829826355, 0.9140740633010864, 0.914814829826355, 0.9155555367469788, 0.9222221970558167, 0.9200000166893005, 0.9281481504440308, 0.9296296238899231, 0.9266666769981384, 0.9229629635810852, 0.9325925707817078, 0.9177777767181396, 0.936296284198761, 0.9288889169692993, 0.931851863861084, 0.931851863861084]}