{"loss": [0.9782560467720032, 0.8747888803482056, 0.8330035209655762, 0.8004923462867737, 0.7780300974845886, 0.7662955522537231, 0.7483571767807007, 0.7394060492515564, 0.7290360331535339, 0.7124817371368408, 0.7009023427963257, 0.7007803916931152, 0.6852315068244934, 0.680822491645813, 0.6770539879798889, 0.664415180683136, 0.663057804107666, 0.6615965962409973, 0.6552661061286926, 0.6479982733726501, 0.6390775442123413, 0.6263301372528076, 0.6244057416915894, 0.6202407479286194, 0.6182652115821838, 0.613734781742096, 0.6149536967277527, 0.6101601123809814, 0.5992680191993713, 0.5935356616973877, 0.5918502807617188, 0.5867472290992737, 0.5854212045669556, 0.5818192362785339, 0.5722871422767639, 0.5766372084617615, 0.570880651473999, 0.5702661871910095, 0.558669924736023, 0.5616282820701599, 0.5567597150802612, 0.5598267316818237, 0.5590634346008301, 0.5472140312194824, 0.5506354570388794, 0.5467059016227722, 0.5418341159820557, 0.5369399785995483, 0.5378940105438232, 0.5334775447845459, 0.530009925365448, 0.5312817096710205, 0.5286937952041626, 0.5270946025848389, 0.5190739035606384, 0.5231896042823792, 0.5112177729606628, 0.5127302408218384, 0.5213016271591187, 0.5137842893600464], "accuracy": [0.674588143825531, 0.6975536942481995, 0.7084373235702515, 0.7193210124969482, 0.7238142490386963, 0.7292062044143677, 0.7353969216346741, 0.7343984246253967, 0.736595094203949, 0.7462805509567261, 0.7522715926170349, 0.7476784586906433, 0.7501747608184814, 0.7555666565895081, 0.7565651535987854, 0.7591612339019775, 0.7577633261680603, 0.7629555463790894, 0.7610583901405334, 0.7668496966362, 0.7663504481315613, 0.7718422412872314, 0.7721418142318726, 0.773539662361145, 0.7740389704704285, 0.7723414897918701, 0.7736395597457886, 0.7795307040214539, 0.7796305418014526, 0.7796305418014526, 0.7854218482971191, 0.782825767993927, 0.7825261950492859, 0.787319004535675, 0.7894158959388733, 0.788017988204956, 0.7855217456817627, 0.7897154092788696, 0.7925112247467041, 0.795107364654541, 0.7942087054252625, 0.7948077917098999, 0.7958062887191772, 0.7977034449577332, 0.7934098839759827, 0.7988017797470093, 0.8002995252609253, 0.8021966814994812, 0.8001996874809265, 0.802995502948761, 0.8038941621780396, 0.8070893883705139, 0.8025960922241211, 0.8043934106826782, 0.8033949136734009, 0.804493248462677, 0.811582624912262, 0.8076884746551514, 0.8049924969673157, 0.8086869716644287], "val_loss": [0.8864830732345581, 0.8526117205619812, 0.963996171951294, 0.8182213306427002, 0.8161622285842896, 0.8376476168632507, 0.7969645261764526, 0.7931944131851196, 0.8284875750541687, 0.8172571659088135, 0.6689634919166565, 0.6994456648826599, 0.6236996054649353, 1.0560472011566162, 0.8192049860954285, 0.8976811766624451, 0.8934885263442993, 0.6425126194953918, 0.7334240674972534, 0.7893206477165222, 0.8327164649963379, 1.0465989112854004, 0.6915996670722961, 0.6504942178726196, 0.600976824760437, 0.5621474385261536, 0.5919157266616821, 0.8432714939117432, 0.8117408752441406, 0.896801233291626, 0.6589078903198242, 0.6168745160102844, 0.7671226263046265, 0.6450614929199219, 0.6989965438842773, 0.649161159992218, 0.8134440779685974, 0.613889217376709, 0.6288935542106628, 0.746274471282959, 0.6215160489082336, 0.7032491564750671, 0.731581449508667, 0.6637874841690063, 0.7267693281173706, 0.5512282252311707, 0.5175107717514038, 0.6055231690406799, 0.5876734256744385, 0.623549222946167, 0.5457096099853516, 0.6919549703598022, 0.6492005586624146, 0.7085953950881958, 0.5023911595344543, 0.7712839245796204, 0.8208260536193848, 0.5793634653091431, 0.7348101139068604, 0.567503809928894], "val_accuracy": [0.7064403295516968, 0.7084373235702515, 0.6949575543403625, 0.7129306197166443, 0.7249126434326172, 0.7259111404418945, 0.7413879036903381, 0.717923104763031, 0.7343984246253967, 0.7304043769836426, 0.7643534541130066, 0.7558662295341492, 0.7823265194892883, 0.7034448385238647, 0.7453819513320923, 0.7309036254882812, 0.7343984246253967, 0.7768347263336182, 0.7343984246253967, 0.7463804483413696, 0.7388916611671448, 0.719420850276947, 0.7553669214248657, 0.7733399868011475, 0.7833250164985657, 0.7898153066635132, 0.7883175015449524, 0.7224164009094238, 0.747378945350647, 0.7368946671485901, 0.7588617205619812, 0.785821259021759, 0.7329006195068359, 0.7788317799568176, 0.7583624720573425, 0.7793310284614563, 0.7348976731300354, 0.7753369808197021, 0.781328022480011, 0.7683475017547607, 0.7803295254707336, 0.7468796968460083, 0.7358961701393127, 0.7603594660758972, 0.7603594660758972, 0.7893159985542297, 0.8102845549583435, 0.7818272709846497, 0.7848227620124817, 0.7753369808197021, 0.7878182530403137, 0.7468796968460083, 0.7818272709846497, 0.7628557085990906, 0.8052920699119568, 0.7453819513320923, 0.7284073829650879, 0.7903145551681519, 0.7653519511222839, 0.784323513507843]}