{"loss": [0.8636965751647949, 0.8298001289367676, 0.7914586663246155, 0.7706576585769653, 0.7702605128288269, 0.7509129047393799, 0.7493311166763306, 0.7342438101768494, 0.7307713627815247, 0.7205260396003723, 0.7109438180923462, 0.7038587331771851, 0.7057405114173889, 0.7008531093597412, 0.7062060236930847, 0.6984713673591614, 0.6958909034729004, 0.6886329054832458, 0.6765797734260559, 0.6756321787834167, 0.6779981851577759, 0.6663663983345032, 0.671798050403595, 0.6633302569389343, 0.6688956022262573, 0.6544798612594604, 0.65904301404953, 0.6563767194747925, 0.6625819206237793, 0.6530330181121826, 0.6415579319000244, 0.6522059440612793, 0.6318231225013733, 0.6292422413825989, 0.6337192058563232, 0.6278835535049438, 0.6287930607795715, 0.6223938465118408, 0.6262971758842468, 0.6251651048660278, 0.6214980483055115, 0.6284275650978088, 0.6157471537590027, 0.6153110265731812, 0.6143330931663513, 0.597422182559967, 0.5950058102607727, 0.6058098077774048, 0.6004864573478699, 0.5879569053649902, 0.6006066203117371, 0.5906329154968262, 0.5900123119354248, 0.5823836326599121, 0.5874611735343933, 0.5835183262825012, 0.5852243900299072, 0.578642725944519, 0.5707752108573914, 0.574587345123291], "accuracy": [0.6582304239273071, 0.6617283821105957, 0.6707819104194641, 0.6742798089981079, 0.6775720119476318, 0.6855967044830322, 0.6839506030082703, 0.6841563582420349, 0.6808642148971558, 0.6899176836013794, 0.6940329074859619, 0.7037037014961243, 0.7012345790863037, 0.702263355255127, 0.6997942328453064, 0.7018518447875977, 0.7041152119636536, 0.7117283940315247, 0.7199588418006897, 0.7183127403259277, 0.7139917612075806, 0.729629635810852, 0.7179012298583984, 0.7240740656852722, 0.7189300656318665, 0.7308642268180847, 0.7183127403259277, 0.7267489433288574, 0.7176954746246338, 0.7205761075019836, 0.7376543283462524, 0.7207819223403931, 0.7376543283462524, 0.7327160239219666, 0.7349794507026672, 0.7419753074645996, 0.741769552230835, 0.7405349612236023, 0.7386831045150757, 0.7430041432380676, 0.7360082268714905, 0.7423868179321289, 0.7487654089927673, 0.7448559403419495, 0.7349794507026672, 0.7520576119422913, 0.7563785910606384, 0.7495884895324707, 0.751028835773468, 0.7495884895324707, 0.7524691224098206, 0.7594650387763977, 0.7508230209350586, 0.7617284059524536, 0.7596707940101624, 0.7580246925354004, 0.7518518567085266, 0.7590534687042236, 0.7623456716537476, 0.7602880597114563], "val_loss": [1.0070959329605103, 0.8787785768508911, 0.8166676759719849, 0.8919404745101929, 0.7917592525482178, 0.9860485196113586, 0.7459646463394165, 0.9003382921218872, 0.7857069373130798, 1.1013741493225098, 0.7743425369262695, 0.7022205591201782, 0.7670697569847107, 0.8996826410293579, 0.9237063527107239, 0.9042389392852783, 0.7666942477226257, 0.7974853515625, 0.770291805267334, 0.8149758577346802, 0.6778271198272705, 0.8317155838012695, 0.7376953363418579, 1.5301799774169922, 0.944326639175415, 0.7097964882850647, 0.6892464756965637, 0.921411395072937, 0.7376581430435181, 0.6733088493347168, 0.7208497524261475, 0.6775258779525757, 0.6688061356544495, 0.8182958960533142, 0.7455021739006042, 0.722196102142334, 0.7484803199768066, 0.8553069829940796, 0.753228485584259, 0.7474156618118286, 0.6932567954063416, 0.6512423753738403, 0.7776473164558411, 0.6962404847145081, 0.7331165671348572, 0.8551874160766602, 0.7889614105224609, 0.8193327784538269, 0.7274075746536255, 0.8447529673576355, 0.6471449136734009, 0.7296974062919617, 0.7121262550354004, 0.8241327404975891, 0.6422715187072754, 0.7047606706619263, 0.8006635308265686, 0.6385180950164795, 0.7204716205596924, 0.6289739608764648], "val_accuracy": [0.6866666674613953, 0.6866666674613953, 0.6866666674613953, 0.6896296143531799, 0.6874074339866638, 0.43259260058403015, 0.6903703808784485, 0.6681481599807739, 0.6859259009361267, 0.3637036979198456, 0.6888889074325562, 0.695555567741394, 0.6881481409072876, 0.6340740919113159, 0.5111111402511597, 0.5970370173454285, 0.6977777481079102, 0.6918518543243408, 0.6903703808784485, 0.6711111068725586, 0.7222222089767456, 0.6651852130889893, 0.6977777481079102, 0.2199999988079071, 0.48814815282821655, 0.6822222471237183, 0.7148148417472839, 0.5918518304824829, 0.6985185146331787, 0.7170370221138, 0.7066666483879089, 0.729629635810852, 0.7385185360908508, 0.6607407331466675, 0.7133333086967468, 0.7081481218338013, 0.7170370221138, 0.6637036800384521, 0.7162963151931763, 0.695555567741394, 0.7200000286102295, 0.7392592430114746, 0.7103703618049622, 0.7207407355308533, 0.7096296548843384, 0.6348147988319397, 0.6414814591407776, 0.695555567741394, 0.678518533706665, 0.7022222280502319, 0.7392592430114746, 0.7051851749420166, 0.699999988079071, 0.7014814615249634, 0.7459259033203125, 0.7185184955596924, 0.6925926208496094, 0.7348148226737976, 0.7192592620849609, 0.7392592430114746]}