{"val_loss": [4.053615738550822, 4.052476552327474, 4.006940949757894, 4.111758715311686, 4.0941881052652995, 4.130618988672892, 4.102923940022786, 4.174540119171143, 4.219578342437744, 4.219090970357259, 4.227687021891276, 4.255136076609293, 4.300557905832926, 4.284511232376099, 4.290393489201864, 4.282224785486857, 4.355516138076783, 4.32634238243103, 4.384647579193115, 4.393575862248738], "val_acc": [0.655, 0.6549999992052714, 0.6550000003973643, 0.6550000007947286, 0.6549999992052714, 0.655, 0.655, 0.655, 0.6550000007947286, 0.6550000007947286, 0.6549999992052714, 0.6550000007947286, 0.6549999996026357, 0.6549999992052714, 0.6549999992052714, 0.6549999992052714, 0.6549999992052714, 0.6550000007947286, 0.6549999992052714, 0.655], "loss": [0.9617523212432861, 0.8417642059326171, 0.8380158090591431, 0.831492922782898, 0.8236386590003967, 0.8126570734977722, 0.816721245765686, 0.8066496062278747, 0.8049701108932495, 0.8055625476837158, 0.8051298456192016, 0.7953349647521972, 0.7956955995559692, 0.7917554802894592, 0.7874879078865051, 0.7941204466819763, 0.7860907716751099, 0.7830961804389953, 0.7833938999176026, 0.7817012844085693], "acc": [0.5685, 0.686, 0.686, 0.6855, 0.686, 0.686, 0.686, 0.686, 0.686, 0.686, 0.686, 0.686, 0.686, 0.686, 0.6855, 0.686, 0.6855, 0.6855, 0.686, 0.6855]}