{"loss": [0.8665091395378113, 0.6970617771148682, 0.6330692768096924, 0.5806201696395874, 0.5436968207359314, 0.5214263200759888, 0.4942411184310913, 0.482250452041626, 0.4589471220970154, 0.43678930401802063, 0.42022448778152466, 0.4170067608356476, 0.402694433927536, 0.38752481341362, 0.38561302423477173, 0.3620792329311371, 0.36035090684890747, 0.34732142090797424, 0.3407508432865143, 0.3323386609554291, 0.31565913558006287, 0.31232836842536926, 0.30337855219841003, 0.29757028818130493, 0.2932209372520447, 0.2863733470439911, 0.2887958586215973, 0.27673861384391785, 0.26829594373703003, 0.26613083481788635, 0.26269423961639404, 0.2534309923648834, 0.25139039754867554, 0.24619518220424652, 0.23281249403953552, 0.24384307861328125, 0.23192526400089264, 0.2264186292886734, 0.21297511458396912, 0.2205449640750885, 0.22131960093975067, 0.21463797986507416, 0.2142685353755951, 0.20731325447559357, 0.2082362025976181, 0.20723611116409302, 0.19419607520103455, 0.20182564854621887, 0.1834457665681839, 0.18871383368968964, 0.1841677874326706, 0.1917589008808136, 0.18242499232292175, 0.1766469031572342, 0.17381368577480316, 0.17453844845294952, 0.16967235505580902, 0.17153242230415344, 0.17656221985816956, 0.16577337682247162], "accuracy": [0.7052421569824219, 0.7517723441123962, 0.7725411653518677, 0.7879181504249573, 0.8041937351226807, 0.8132801055908203, 0.8177733421325684, 0.8237643241882324, 0.8334498405456543, 0.8404393196105957, 0.8461307883262634, 0.8506240844726562, 0.8540189862251282, 0.8620069622993469, 0.8545182347297668, 0.864203691482544, 0.8653020262718201, 0.872391402721405, 0.8733898997306824, 0.8766849637031555, 0.8806789517402649, 0.8849725127220154, 0.8903644680976868, 0.8903644680976868, 0.8887668251991272, 0.8953569531440735, 0.8931602835655212, 0.9001497626304626, 0.9038442373275757, 0.9037443995475769, 0.9039440751075745, 0.9073389768600464, 0.9105342030525208, 0.909735381603241, 0.9170244336128235, 0.9087368845939636, 0.9174238443374634, 0.919021487236023, 0.9243135452270508, 0.9210184812545776, 0.9218173027038574, 0.9203194975852966, 0.9236145615577698, 0.9268097877502441, 0.9231153130531311, 0.9285072684288025, 0.9322016835212708, 0.9259111285209656, 0.9354967474937439, 0.930604100227356, 0.9339990019798279, 0.9297054409980774, 0.9341986775398254, 0.9368946552276611, 0.9379929900169373, 0.9379929900169373, 0.9379929900169373, 0.9400898814201355, 0.9381927251815796, 0.9391912221908569], "val_loss": [0.7185158133506775, 0.585059642791748, 0.5076829791069031, 0.5161107182502747, 0.49498724937438965, 0.4648001790046692, 0.4774216115474701, 0.4087008535861969, 0.5297924876213074, 0.3976185619831085, 0.49069440364837646, 0.382038950920105, 0.3989275097846985, 0.38796332478523254, 0.3710479438304901, 0.42560750246047974, 0.4042149484157562, 0.3606012165546417, 0.4377345144748688, 0.42289823293685913, 0.3816900849342346, 0.3757546842098236, 0.38004326820373535, 0.37597566843032837, 0.37674573063850403, 0.3405754268169403, 0.346366286277771, 0.3238399028778076, 0.3763329088687897, 0.3483298122882843, 0.33943960070610046, 0.3181491494178772, 0.3481256663799286, 0.32681524753570557, 0.3031328022480011, 0.3087625205516815, 0.3022085726261139, 0.3278487026691437, 0.37660640478134155, 0.3304916024208069, 0.31662338972091675, 0.32638928294181824, 0.3533388376235962, 0.3091239929199219, 0.3194258213043213, 0.29918625950813293, 0.2704051434993744, 0.26905521750450134, 0.28654608130455017, 0.29257702827453613, 0.2950281500816345, 0.2763892114162445, 0.2969552278518677, 0.28929799795150757, 0.2900922894477844, 0.27420374751091003, 0.287314236164093, 0.3077787458896637, 0.26822444796562195, 0.2717548608779907], "val_accuracy": [0.7463804483413696, 0.7958062887191772, 0.8247628808021545, 0.8127808570861816, 0.8232650756835938, 0.8327508568763733, 0.8247628808021545, 0.8542186617851257, 0.800798773765564, 0.8552171587944031, 0.8202695846557617, 0.8632051944732666, 0.8532201647758484, 0.8592112064361572, 0.8627059459686279, 0.8472291827201843, 0.8597104549407959, 0.8662006855010986, 0.8442336320877075, 0.8427358865737915, 0.8652021884918213, 0.8602097034454346, 0.8627059459686279, 0.8701947331428528, 0.864203691482544, 0.8756864666938782, 0.8746879696846008, 0.881677508354187, 0.8662006855010986, 0.8836745023727417, 0.8771842122077942, 0.8896654844284058, 0.8751872181892395, 0.8896654844284058, 0.8901647329330444, 0.9006490111351013, 0.8986520171165466, 0.8911632299423218, 0.8662006855010986, 0.8841737508773804, 0.8886669874191284, 0.8871692419052124, 0.8786819577217102, 0.8946580290794373, 0.8916624784469604, 0.8961557745933533, 0.9086370468139648, 0.9041438102722168, 0.9036445617675781, 0.9016475081443787, 0.8986520171165466, 0.9041438102722168, 0.9001497626304626, 0.9036445617675781, 0.9056415557861328, 0.9096355438232422, 0.9121317863464355, 0.9031452536582947, 0.9146280288696289, 0.9101347923278809]}