{"loss": [0.8856474161148071, 0.7351369261741638, 0.6725642085075378, 0.6355006694793701, 0.5946731567382812, 0.5700379610061646, 0.5466694235801697, 0.5332354307174683, 0.5057772397994995, 0.491780161857605, 0.47206762433052063, 0.4676213562488556, 0.45574498176574707, 0.43801218271255493, 0.4355054795742035, 0.4205358326435089, 0.41772186756134033, 0.3937264680862427, 0.4036867916584015, 0.392031729221344, 0.3758847713470459, 0.3672451078891754, 0.36382219195365906, 0.36159858107566833, 0.3525222837924957, 0.34612277150154114, 0.3446478247642517, 0.33381202816963196, 0.3267565071582794, 0.32506707310676575, 0.3195081651210785, 0.3098210096359253, 0.31076714396476746, 0.30500438809394836, 0.2964979112148285, 0.30288711190223694, 0.2876923978328705, 0.28272727131843567, 0.2780095338821411, 0.27731403708457947, 0.27352017164230347, 0.2749931216239929, 0.2712256610393524, 0.26236218214035034, 0.27149179577827454, 0.25706225633621216, 0.25359490513801575, 0.25373443961143494, 0.2528558373451233, 0.25264614820480347, 0.23919211328029633, 0.24368181824684143, 0.2311314344406128, 0.2255689948797226, 0.2301575243473053, 0.22734616696834564, 0.22906887531280518, 0.22928564250469208, 0.22262561321258545, 0.22451238334178925], "accuracy": [0.6985521912574768, 0.7392910718917847, 0.757463812828064, 0.7715426683425903, 0.7844233512878418, 0.7955067157745361, 0.8039939999580383, 0.8054917454719543, 0.8155766129493713, 0.8178731799125671, 0.8255616426467896, 0.8301547765731812, 0.8337493538856506, 0.8402396440505981, 0.839141309261322, 0.839940071105957, 0.8464303612709045, 0.8544183969497681, 0.8476285338401794, 0.858612060546875, 0.8624063730239868, 0.8662006855010986, 0.8658012747764587, 0.8679980039596558, 0.8685970902442932, 0.8741887211799622, 0.8744882941246033, 0.8742885589599609, 0.8786819577217102, 0.8802796006202698, 0.885871171951294, 0.8864703178405762, 0.8838741779327393, 0.883974015712738, 0.8893659710884094, 0.8852720856666565, 0.8937593698501587, 0.8972541093826294, 0.8951572775840759, 0.8991512656211853, 0.8966550230979919, 0.8968546986579895, 0.9000499248504639, 0.9012481570243835, 0.8997503519058228, 0.9044433236122131, 0.9053419828414917, 0.9071393013000488, 0.9064403176307678, 0.9078382253646851, 0.9100349545478821, 0.9101347923278809, 0.9152271747589111, 0.9155266880989075, 0.9144283533096313, 0.9147279262542725, 0.916425347328186, 0.9137294292449951, 0.9174238443374634, 0.9168247580528259], "val_loss": [0.7570699453353882, 0.6170620918273926, 0.5963078737258911, 0.580503523349762, 0.5433322191238403, 0.4838501513004303, 0.4840991795063019, 0.46249306201934814, 0.44557881355285645, 0.4406062960624695, 0.438778817653656, 0.4353938102722168, 0.4147477149963379, 0.42643624544143677, 0.38052210211753845, 0.406014084815979, 0.3920753002166748, 0.4233250021934509, 0.4164365530014038, 0.41446569561958313, 0.3694217801094055, 0.38106799125671387, 0.40562912821769714, 0.3504432141780853, 0.35785722732543945, 0.3429391086101532, 0.3705216348171234, 0.3660852611064911, 0.3467473089694977, 0.3423091769218445, 0.32122302055358887, 0.34230056405067444, 0.3850093185901642, 0.3608019948005676, 0.36508312821388245, 0.36044713854789734, 0.3387673497200012, 0.36172983050346375, 0.40205150842666626, 0.37155404686927795, 0.3267938494682312, 0.42322564125061035, 0.3921157717704773, 0.34378987550735474, 0.3539218008518219, 0.39495041966438293, 0.3679279088973999, 0.3391951024532318, 0.3356419801712036, 0.3742270767688751, 0.33172446489334106, 0.3265701234340668, 0.3386083245277405, 0.31055542826652527, 0.2917264401912689, 0.34376591444015503, 0.3380575180053711, 0.4159853458404541, 0.3190235495567322, 0.3798162639141083], "val_accuracy": [0.7523714303970337, 0.7888167500495911, 0.8012980818748474, 0.7968047857284546, 0.8097853064537048, 0.8312531113624573, 0.8252621293067932, 0.8302546143531799, 0.8432351350784302, 0.8392411470413208, 0.8432351350784302, 0.8372441530227661, 0.8457313776016235, 0.8422366380691528, 0.8597104549407959, 0.852221667766571, 0.8542186617851257, 0.8382426500320435, 0.8502246737480164, 0.8442336320877075, 0.864203691482544, 0.8637044429779053, 0.8557164072990417, 0.8666999340057373, 0.8592112064361572, 0.8721917271614075, 0.8572141528129578, 0.8577134013175964, 0.8736894726753235, 0.8706939816474915, 0.8781827092170715, 0.8706939816474915, 0.8512231707572937, 0.8607089519500732, 0.8602097034454346, 0.8716924786567688, 0.8721917271614075, 0.8691961765289307, 0.8472291827201843, 0.8557164072990417, 0.8736894726753235, 0.8397403955459595, 0.8527209162712097, 0.8681976795196533, 0.86570143699646, 0.8547179102897644, 0.8627059459686279, 0.8681976795196533, 0.8726909756660461, 0.8602097034454346, 0.8741887211799622, 0.8731902241706848, 0.8776834607124329, 0.8826760053634644, 0.8951572775840759, 0.8776834607124329, 0.8691961765289307, 0.8502246737480164, 0.8866699934005737, 0.864203691482544]}