{"loss": [0.7773796319961548, 0.6757345199584961, 0.629223108291626, 0.5994788408279419, 0.5731491446495056, 0.5318643450737, 0.517635703086853, 0.5007784962654114, 0.46783366799354553, 0.4627220928668976, 0.423275351524353, 0.41264280676841736, 0.3851826786994934, 0.3792213201522827, 0.3619367182254791, 0.34238627552986145, 0.3326820135116577, 0.3228719234466553, 0.30178362131118774, 0.2786282002925873, 0.27544617652893066, 0.2442355751991272, 0.2580271363258362, 0.2282281070947647, 0.22426724433898926, 0.21333618462085724, 0.21398310363292694, 0.2066909372806549, 0.2074570506811142, 0.18327289819717407, 0.17181947827339172, 0.17399896681308746, 0.1578279584646225, 0.1697874665260315, 0.15460094809532166, 0.137811079621315, 0.1479736566543579, 0.1333536058664322, 0.13842132687568665, 0.13441935181617737, 0.12371870130300522, 0.12742656469345093, 0.11928291618824005, 0.1053844466805458, 0.10347623378038406, 0.0942634865641594, 0.10550562292337418, 0.09347417205572128, 0.10520121455192566, 0.09648435562849045, 0.09091417491436005, 0.09674573689699173, 0.09549091011285782, 0.08275097608566284, 0.0755867063999176, 0.08152887225151062, 0.08938857167959213, 0.08751388639211655, 0.07669012993574142, 0.0853191688656807], "accuracy": [0.6722221970558167, 0.7189300656318665, 0.7349794507026672, 0.7495884895324707, 0.7617284059524536, 0.780246913433075, 0.7872427701950073, 0.796707808971405, 0.8104938268661499, 0.8121399283409119, 0.82695472240448, 0.8281893134117126, 0.8504115343093872, 0.8512345552444458, 0.8604938387870789, 0.8658435940742493, 0.8707818984985352, 0.8672839403152466, 0.8853909373283386, 0.8936213850975037, 0.894032895565033, 0.9146090745925903, 0.9012345671653748, 0.9135802388191223, 0.9150205850601196, 0.9242798089981079, 0.9201645851135254, 0.9240740537643433, 0.92304527759552, 0.9320987462997437, 0.9372428059577942, 0.9360082149505615, 0.9446502327919006, 0.9366255402565002, 0.9425926208496094, 0.949999988079071, 0.9450617432594299, 0.951646089553833, 0.9462962746620178, 0.9491769671440125, 0.9561728239059448, 0.9569959044456482, 0.9557613134384155, 0.9654321074485779, 0.9635802507400513, 0.9672839641571045, 0.9633744955062866, 0.9672839641571045, 0.9635802507400513, 0.9658436179161072, 0.9683127403259277, 0.9652263522148132, 0.9641975164413452, 0.9701645970344543, 0.9709876775741577, 0.9691358208656311, 0.9658436179161072, 0.9670782089233398, 0.9738683104515076, 0.9711934328079224], "val_loss": [0.857738196849823, 0.6832762360572815, 0.6320076584815979, 0.6297582387924194, 0.6180979609489441, 0.6134144067764282, 0.5545476675033569, 0.54414963722229, 0.528813898563385, 0.5739805698394775, 0.5001078844070435, 0.5394642949104309, 0.4542432427406311, 0.42326027154922485, 0.47533831000328064, 0.4436313509941101, 0.46327832341194153, 0.4775186777114868, 0.38408052921295166, 0.38046643137931824, 0.3885771930217743, 0.40491318702697754, 0.352268248796463, 0.35859087109565735, 0.3256775438785553, 0.33040380477905273, 0.31502869725227356, 0.3212331235408783, 0.30953162908554077, 0.32212331891059875, 0.2816101610660553, 0.27466028928756714, 0.26588574051856995, 0.316339373588562, 0.2954643964767456, 0.28252363204956055, 0.3381839096546173, 0.2906778156757355, 0.2600812315940857, 0.2748033404350281, 0.2720027565956116, 0.2718757092952728, 0.2519834041595459, 0.290647029876709, 0.2544322609901428, 0.2481030970811844, 0.2988922595977783, 0.2785612642765045, 0.26780983805656433, 0.2529715895652771, 0.28492438793182373, 0.28103378415107727, 0.26234152913093567, 0.2609806954860687, 0.25980180501937866, 0.27057063579559326, 0.264156699180603, 0.25225433707237244, 0.2786031663417816, 0.2505047023296356], "val_accuracy": [0.6918518543243408, 0.729629635810852, 0.7392592430114746, 0.7348148226737976, 0.7718518376350403, 0.7622222304344177, 0.7725926041603088, 0.7814815044403076, 0.7992592453956604, 0.7622222304344177, 0.7896296381950378, 0.7851851582527161, 0.8288888931274414, 0.8407407402992249, 0.821481466293335, 0.8333333134651184, 0.8162962794303894, 0.8081481456756592, 0.868148148059845, 0.8540740609169006, 0.8496296405792236, 0.8459259271621704, 0.868148148059845, 0.8674073815345764, 0.8925926089286804, 0.8799999952316284, 0.8881481289863586, 0.8822222352027893, 0.8925926089286804, 0.8962963223457336, 0.897777795791626, 0.9037036895751953, 0.9037036895751953, 0.8955555558204651, 0.9044444561004639, 0.9118518233299255, 0.889629602432251, 0.9118518233299255, 0.9185185432434082, 0.9133333563804626, 0.9185185432434082, 0.9125925898551941, 0.9251852035522461, 0.9185185432434082, 0.9155555367469788, 0.9274073839187622, 0.9207407236099243, 0.9207407236099243, 0.9274073839187622, 0.9214814901351929, 0.9088888764381409, 0.9251852035522461, 0.9251852035522461, 0.9251852035522461, 0.9325925707817078, 0.9251852035522461, 0.9325925707817078, 0.9340741038322449, 0.9274073839187622, 0.9311110973358154]}