{"loss": [0.7955591082572937, 0.6930558681488037, 0.6307362914085388, 0.6032425761222839, 0.5848690867424011, 0.553568422794342, 0.5354710817337036, 0.5066220164299011, 0.4881795644760132, 0.47445234656333923, 0.4549623727798462, 0.4391036331653595, 0.42207592725753784, 0.4161459505558014, 0.38739797472953796, 0.3887020945549011, 0.3729937672615051, 0.3698015511035919, 0.35425660014152527, 0.33008044958114624, 0.32032015919685364, 0.3131445348262787, 0.3046187460422516, 0.2871587574481964, 0.2855011522769928, 0.28444918990135193, 0.2792867422103882, 0.2687448561191559, 0.26286181807518005, 0.243768110871315, 0.2418961375951767, 0.23522472381591797, 0.21814386546611786, 0.21145425736904144, 0.21676409244537354, 0.20452342927455902, 0.20645073056221008, 0.20801709592342377, 0.1873496025800705, 0.19314010441303253, 0.18415771424770355, 0.18752263486385345, 0.17686764895915985, 0.16757436096668243, 0.16140896081924438, 0.1542574018239975, 0.14698313176631927, 0.1526494324207306, 0.14724846184253693, 0.13599108159542084, 0.13942240178585052, 0.14689326286315918, 0.15193086862564087, 0.1355207860469818, 0.12352797389030457, 0.13357320427894592, 0.129536435008049, 0.13432613015174866, 0.11968013644218445, 0.12705156207084656], "accuracy": [0.6738682985305786, 0.7109053730964661, 0.7397119402885437, 0.7534979581832886, 0.7557613253593445, 0.7728394865989685, 0.7792180776596069, 0.7890946269035339, 0.8026748895645142, 0.8074073791503906, 0.818107008934021, 0.8213991522789001, 0.8325102925300598, 0.8333333134651184, 0.8473250865936279, 0.8471193313598633, 0.8514403104782104, 0.856584370136261, 0.8613168597221375, 0.8738682866096497, 0.8806584477424622, 0.8825103044509888, 0.8804526925086975, 0.8880658149719238, 0.8919752836227417, 0.8927983641624451, 0.8938271403312683, 0.8979423642158508, 0.8962963223457336, 0.9067901372909546, 0.9094650149345398, 0.911522626876831, 0.9191358089447021, 0.9224280118942261, 0.9203703999519348, 0.9265432357788086, 0.9222221970558167, 0.9226337671279907, 0.9300411343574524, 0.9288066029548645, 0.9325103163719177, 0.9281892776489258, 0.932921826839447, 0.9395061731338501, 0.9395061731338501, 0.9440329074859619, 0.9440329074859619, 0.9446502327919006, 0.9467078447341919, 0.9537037014961243, 0.9495884776115417, 0.9454732537269592, 0.9413580298423767, 0.9514403343200684, 0.9565843343734741, 0.9512345790863037, 0.949999988079071, 0.9524691104888916, 0.9578189253807068, 0.9545267224311829], "val_loss": [0.8313953876495361, 0.6670960187911987, 0.6438007950782776, 0.6864285469055176, 0.6264547109603882, 0.5953903794288635, 0.5844603776931763, 0.5976300835609436, 0.5577275156974792, 0.518071711063385, 0.5229319334030151, 0.5774943232536316, 0.48653364181518555, 0.4581637978553772, 0.4725034832954407, 0.5135939121246338, 0.45111939311027527, 0.4493730664253235, 0.46614912152290344, 0.48587045073509216, 0.4890923500061035, 0.4394693672657013, 0.42066505551338196, 0.4055909216403961, 0.39667847752571106, 0.4268648326396942, 0.35944676399230957, 0.4169299006462097, 0.38470426201820374, 0.36416974663734436, 0.3474591374397278, 0.36929455399513245, 0.3757680058479309, 0.32692626118659973, 0.34773069620132446, 0.3833194971084595, 0.30723047256469727, 0.3198385536670685, 0.3093172311782837, 0.3508511185646057, 0.33682432770729065, 0.36266690492630005, 0.317971408367157, 0.35530486702919006, 0.31392043828964233, 0.28635111451148987, 0.3302060663700104, 0.32365402579307556, 0.2809821367263794, 0.28532665967941284, 0.31674420833587646, 0.3162672221660614, 0.31933096051216125, 0.29700541496276855, 0.2699240446090698, 0.2977663576602936, 0.31683310866355896, 0.2909351587295532, 0.3038831949234009, 0.2586357891559601], "val_accuracy": [0.7066666483879089, 0.7303703427314758, 0.7318518757820129, 0.7007407546043396, 0.7666666507720947, 0.770370364189148, 0.770370364189148, 0.7696296572685242, 0.7696296572685242, 0.8051851987838745, 0.7933333516120911, 0.7725926041603088, 0.8148148059844971, 0.8185185194015503, 0.817037045955658, 0.817037045955658, 0.8237037062644958, 0.8266666531562805, 0.834074079990387, 0.8251851797103882, 0.8074073791503906, 0.8437036871910095, 0.8348147869110107, 0.8518518805503845, 0.8562963008880615, 0.8562963008880615, 0.868148148059845, 0.8577777743339539, 0.8651852011680603, 0.872592568397522, 0.8755555748939514, 0.851111114025116, 0.8733333349227905, 0.8762962818145752, 0.8755555748939514, 0.8733333349227905, 0.8933333158493042, 0.8911111354827881, 0.8992592692375183, 0.8814814686775208, 0.8925926089286804, 0.8814814686775208, 0.8992592692375183, 0.8837037086486816, 0.8955555558204651, 0.9103703498840332, 0.8903703689575195, 0.8985185027122498, 0.9096296429634094, 0.9096296429634094, 0.9103703498840332, 0.8999999761581421, 0.9051851630210876, 0.9059259295463562, 0.9103703498840332, 0.9081481695175171, 0.9074074029922485, 0.9059259295463562, 0.9103703498840332, 0.919259250164032]}