{"loss": [1.011756181716919, 0.7636806964874268, 0.7091554999351501, 0.681022047996521, 0.6678917407989502, 0.6487948298454285, 0.6331759691238403, 0.6274536848068237, 0.6083800196647644, 0.5988982319831848, 0.5911021828651428, 0.5801853537559509, 0.571966290473938, 0.5657373666763306, 0.5577477216720581, 0.5533502697944641, 0.5343740582466125, 0.5411942005157471, 0.5271130204200745, 0.5217622518539429, 0.511871337890625, 0.4967869818210602, 0.5043260455131531, 0.487534761428833, 0.4858972728252411, 0.4796876013278961, 0.46994689106941223, 0.4825124442577362, 0.4773856997489929, 0.4506584703922272, 0.4541051387786865, 0.44867926836013794, 0.43430930376052856, 0.4356750249862671, 0.4349697232246399, 0.4195072650909424, 0.42178091406822205, 0.42213696241378784, 0.4177647531032562, 0.40463221073150635, 0.4055931270122528, 0.40070483088493347, 0.3908628225326538, 0.3873692750930786, 0.39039063453674316, 0.36790111660957336, 0.3799794912338257, 0.3736443519592285, 0.36692896485328674, 0.37315133213996887, 0.36770328879356384, 0.3608151078224182, 0.35628777742385864, 0.3512604236602783, 0.34485381841659546, 0.3397935926914215, 0.3446609377861023, 0.3418474495410919, 0.31443125009536743, 0.3313698172569275], "accuracy": [0.6267489790916443, 0.683539092540741, 0.7069959044456482, 0.7168724536895752, 0.7183127403259277, 0.7316872477531433, 0.7306584119796753, 0.7419753074645996, 0.7471193671226501, 0.7514403462409973, 0.7537037134170532, 0.7652263641357422, 0.7650205492973328, 0.7720164656639099, 0.768106997013092, 0.7724279761314392, 0.7788065671920776, 0.7773662805557251, 0.7845678925514221, 0.7893003821372986, 0.7886831164360046, 0.7975308895111084, 0.7971193194389343, 0.7985596656799316, 0.807201623916626, 0.807201623916626, 0.8113168478012085, 0.8024691343307495, 0.8104938268661499, 0.8191357851028442, 0.8141975402832031, 0.8160493969917297, 0.8290123343467712, 0.8228394985198975, 0.8267489671707153, 0.8325102925300598, 0.8335390686988831, 0.8358024954795837, 0.8345679044723511, 0.8417695760726929, 0.8419753313064575, 0.8401234745979309, 0.8487654328346252, 0.8442386984825134, 0.8481481671333313, 0.8584362268447876, 0.8537036776542664, 0.858230471611023, 0.8545267581939697, 0.8528806567192078, 0.8485596776008606, 0.854938268661499, 0.8617283701896667, 0.8617283701896667, 0.8668724298477173, 0.8695473074913025, 0.8687242865562439, 0.8695473074913025, 0.8804526925086975, 0.8707818984985352], "val_loss": [1.0298677682876587, 0.768660843372345, 0.6925246715545654, 0.6961784958839417, 0.6593310832977295, 0.6353360414505005, 0.637718141078949, 0.6830612421035767, 0.6321700811386108, 0.6144223809242249, 0.629301130771637, 0.6303845047950745, 0.6137426495552063, 0.5896348357200623, 0.6385481953620911, 0.5668481588363647, 0.6484259366989136, 0.5884737968444824, 0.59028559923172, 0.6090037822723389, 0.5763667821884155, 0.5859094858169556, 0.5666433572769165, 0.5442073345184326, 0.6016212701797485, 0.5711923837661743, 0.5099273324012756, 0.5658401846885681, 0.5663577914237976, 0.5246453881263733, 0.533794105052948, 0.5883349776268005, 0.5275481939315796, 0.5312877297401428, 0.5192543864250183, 0.5707840323448181, 0.513550877571106, 0.4971885085105896, 0.5067285895347595, 0.575151801109314, 0.5813781023025513, 0.4978950619697571, 0.48117512464523315, 0.5910125970840454, 0.4709092378616333, 0.5224378108978271, 0.5451464056968689, 0.5015622973442078, 0.4874485433101654, 0.519298255443573, 0.5067828297615051, 0.46907317638397217, 0.5132320523262024, 0.48290184140205383, 0.4809116721153259, 0.4744715392589569, 0.4993799328804016, 0.4713531732559204, 0.4896611273288727, 0.48782646656036377], "val_accuracy": [0.5770370364189148, 0.6540740728378296, 0.7037037014961243, 0.7170370221138, 0.7229629755020142, 0.7259259223937988, 0.7488889098167419, 0.734074056148529, 0.7503703832626343, 0.7488889098167419, 0.7303703427314758, 0.7400000095367432, 0.7622222304344177, 0.757777750492096, 0.7688888907432556, 0.7844444513320923, 0.7503703832626343, 0.7718518376350403, 0.7711111307144165, 0.7733333110809326, 0.7681481242179871, 0.7688888907432556, 0.7718518376350403, 0.787407398223877, 0.7629629373550415, 0.7799999713897705, 0.7948148250579834, 0.7674074172973633, 0.7933333516120911, 0.7896296381950378, 0.7985185384750366, 0.7844444513320923, 0.800000011920929, 0.8014814853668213, 0.7992592453956604, 0.7903703451156616, 0.7955555319786072, 0.8125925660133362, 0.800000011920929, 0.7896296381950378, 0.7888888716697693, 0.8118518590927124, 0.8103703856468201, 0.770370364189148, 0.8222222328186035, 0.8037037253379822, 0.7851851582527161, 0.8155555725097656, 0.8333333134651184, 0.8037037253379822, 0.8111110925674438, 0.8333333134651184, 0.8103703856468201, 0.8229629397392273, 0.8451851606369019, 0.8274074196815491, 0.821481466293335, 0.8148148059844971, 0.8311111330986023, 0.8451851606369019]}