{"loss": [0.8123658299446106, 0.7041672468185425, 0.6468208432197571, 0.622968852519989, 0.5846138596534729, 0.5554075837135315, 0.5368958711624146, 0.5120736360549927, 0.4941389560699463, 0.4817275404930115, 0.45614343881607056, 0.44497019052505493, 0.4119727611541748, 0.4140222668647766, 0.39929714798927307, 0.3832284212112427, 0.36444756388664246, 0.3524811267852783, 0.32892870903015137, 0.3182757496833801, 0.30148574709892273, 0.28300604224205017, 0.28795066475868225, 0.27292779088020325, 0.26414477825164795, 0.24541053175926208, 0.24244149029254913, 0.23482529819011688, 0.24575689435005188, 0.21872732043266296, 0.21131254732608795, 0.21104608476161957, 0.1950877457857132, 0.2021368145942688, 0.18652473390102386, 0.1655101180076599, 0.17279088497161865, 0.16917061805725098, 0.1714974045753479, 0.1629936248064041, 0.1545058637857437, 0.159867063164711, 0.13788460195064545, 0.14495201408863068, 0.13855966925621033, 0.1334991753101349, 0.131283238530159, 0.12570913136005402, 0.12083549052476883, 0.11679436266422272, 0.1099257618188858, 0.11605920642614365, 0.12071940302848816, 0.10494678467512131, 0.09872283786535263, 0.10993116348981857, 0.11076779663562775, 0.10591913014650345, 0.08770103752613068, 0.09980739653110504], "accuracy": [0.6656378507614136, 0.7043209671974182, 0.7300411462783813, 0.7458847761154175, 0.760493814945221, 0.7724279761314392, 0.7818930149078369, 0.7886831164360046, 0.7985596656799316, 0.8022633790969849, 0.816460907459259, 0.8156378865242004, 0.8382716178894043, 0.8310699462890625, 0.8440329432487488, 0.8481481671333313, 0.8569958806037903, 0.8625514507293701, 0.8724279999732971, 0.8790123462677002, 0.8808642029762268, 0.8907407522201538, 0.886214017868042, 0.9006173014640808, 0.8989711999893188, 0.9098765254020691, 0.9084362387657166, 0.913785994052887, 0.911522626876831, 0.9160493612289429, 0.9205761551856995, 0.9238682985305786, 0.9279835224151611, 0.9248971343040466, 0.9327160716056824, 0.9403291940689087, 0.9366255402565002, 0.9399176836013794, 0.9360082149505615, 0.9419752955436707, 0.9440329074859619, 0.940123438835144, 0.9524691104888916, 0.9489712119102478, 0.949999988079071, 0.952674925327301, 0.953292191028595, 0.9547325372695923, 0.9611111283302307, 0.9594650268554688, 0.96152263879776, 0.9594650268554688, 0.96152263879776, 0.9625514149665833, 0.9662551283836365, 0.9586419463157654, 0.9633744955062866, 0.9635802507400513, 0.9693415760993958, 0.9654321074485779], "val_loss": [1.0579355955123901, 0.6683119535446167, 0.6423032879829407, 0.632260262966156, 0.6245631575584412, 0.658673107624054, 0.5661191940307617, 0.5947976112365723, 0.5499516129493713, 0.5380941033363342, 0.5360598564147949, 0.545276939868927, 0.4859229326248169, 0.48141539096832275, 0.4858934283256531, 0.4850465655326843, 0.4442112445831299, 0.4528841972351074, 0.41406869888305664, 0.405753493309021, 0.40263599157333374, 0.3831291198730469, 0.35684674978256226, 0.3751503527164459, 0.33429479598999023, 0.3554646670818329, 0.35688674449920654, 0.3456835150718689, 0.3339800536632538, 0.3411000669002533, 0.3089141249656677, 0.3159232437610626, 0.30033934116363525, 0.3159976899623871, 0.30327916145324707, 0.2974088788032532, 0.29884302616119385, 0.30037644505500793, 0.2731008529663086, 0.2932778596878052, 0.30973994731903076, 0.2727382481098175, 0.2713800370693207, 0.2816620469093323, 0.2712821662425995, 0.2679236829280853, 0.2979484498500824, 0.278775691986084, 0.25762656331062317, 0.2631032466888428, 0.26895225048065186, 0.28047677874565125, 0.29550594091415405, 0.25209885835647583, 0.24398109316825867, 0.23890283703804016, 0.26279759407043457, 0.24123141169548035, 0.27463287115097046, 0.23772354423999786], "val_accuracy": [0.6866666674613953, 0.7288888692855835, 0.7303703427314758, 0.7325925827026367, 0.7451851963996887, 0.7614814639091492, 0.7681481242179871, 0.7585185170173645, 0.7822222113609314, 0.787407398223877, 0.7770370244979858, 0.7777777910232544, 0.8229629397392273, 0.817037045955658, 0.8118518590927124, 0.821481466293335, 0.8392592668533325, 0.8207407593727112, 0.8377777934074402, 0.8503703474998474, 0.8422222137451172, 0.8577777743339539, 0.8688889145851135, 0.8644444346427917, 0.8755555748939514, 0.8799999952316284, 0.8711110949516296, 0.8770370483398438, 0.8844444155693054, 0.8866666555404663, 0.8911111354827881, 0.8903703689575195, 0.8970370292663574, 0.902222216129303, 0.8933333158493042, 0.8903703689575195, 0.9051851630210876, 0.9014815092086792, 0.9118518233299255, 0.9044444561004639, 0.9037036895751953, 0.9118518233299255, 0.9118518233299255, 0.9133333563804626, 0.9051851630210876, 0.9111111164093018, 0.9185185432434082, 0.9081481695175171, 0.9229629635810852, 0.9185185432434082, 0.9251852035522461, 0.9162963032722473, 0.9177777767181396, 0.9288889169692993, 0.9281481504440308, 0.9237037301063538, 0.9140740633010864, 0.9281481504440308, 0.9222221970558167, 0.931851863861084]}