{"loss": [0.7925900816917419, 0.705982506275177, 0.6573491096496582, 0.6315370798110962, 0.6031224131584167, 0.5702581405639648, 0.5444272756576538, 0.5320218801498413, 0.506027340888977, 0.48680979013442993, 0.474025696516037, 0.4465125501155853, 0.42774060368537903, 0.4327179193496704, 0.4017735421657562, 0.38980832695961, 0.3626473844051361, 0.36646345257759094, 0.3443900942802429, 0.33283382654190063, 0.30048996210098267, 0.3071111738681793, 0.2896891236305237, 0.27580565214157104, 0.2611266076564789, 0.2614500820636749, 0.24208220839500427, 0.2500271201133728, 0.24247901141643524, 0.21700173616409302, 0.21034935116767883, 0.21041284501552582, 0.2082502543926239, 0.20216645300388336, 0.1841418594121933, 0.1857607364654541, 0.17496301233768463, 0.17265571653842926, 0.17265985906124115, 0.17031991481781006, 0.1636892855167389, 0.16069617867469788, 0.15242676436901093, 0.14937087893486023, 0.14313635230064392, 0.12251497805118561, 0.12922100722789764, 0.13364003598690033, 0.12312103062868118, 0.11881940811872482, 0.1215808242559433, 0.1262248009443283, 0.11921803653240204, 0.11585438251495361, 0.11103954166173935, 0.1165391057729721, 0.11398392170667648, 0.11007335036993027, 0.09847115725278854, 0.09840089827775955], "accuracy": [0.6810699701309204, 0.7055555582046509, 0.7281892895698547, 0.7362139821052551, 0.7438271641731262, 0.7652263641357422, 0.7744855880737305, 0.7816872596740723, 0.7923868298530579, 0.8006172776222229, 0.8037037253379822, 0.8135802745819092, 0.8267489671707153, 0.8251028656959534, 0.838477373123169, 0.84609055519104, 0.8541152477264404, 0.8547325134277344, 0.8641975522041321, 0.8685185313224792, 0.8847736716270447, 0.8800411820411682, 0.8923868536949158, 0.8899176716804504, 0.903292179107666, 0.895061731338501, 0.9074074029922485, 0.9045267701148987, 0.9094650149345398, 0.9197530746459961, 0.9211934208869934, 0.9189300537109375, 0.9207819104194641, 0.9251028895378113, 0.9304527044296265, 0.9281892776489258, 0.9355967044830322, 0.9325103163719177, 0.9364197254180908, 0.9382715821266174, 0.9413580298423767, 0.9382715821266174, 0.9430041313171387, 0.9475308656692505, 0.9495884776115417, 0.9528806805610657, 0.9543209671974182, 0.9493827223777771, 0.9541152119636536, 0.9590535163879395, 0.9584361910820007, 0.9530864357948303, 0.952674925327301, 0.9572016596794128, 0.9586419463157654, 0.9582304358482361, 0.9590535163879395, 0.9582304358482361, 0.9648148417472839, 0.9617283940315247], "val_loss": [0.7594960927963257, 0.7417674660682678, 0.655765175819397, 0.639510989189148, 0.7790390849113464, 0.6164664030075073, 0.6346007585525513, 0.5937427282333374, 0.5652127265930176, 0.5064558386802673, 0.5243170857429504, 0.5057396292686462, 0.5295693278312683, 0.49328508973121643, 0.4507766366004944, 0.4978753328323364, 0.4510647654533386, 0.45957034826278687, 0.4516988694667816, 0.3835025131702423, 0.4145209491252899, 0.4163742959499359, 0.4468577206134796, 0.38225704431533813, 0.34682223200798035, 0.41629526019096375, 0.35472625494003296, 0.347726434469223, 0.32957902550697327, 0.3260729908943176, 0.3312164843082428, 0.335051953792572, 0.35621994733810425, 0.32742494344711304, 0.28501832485198975, 0.31655746698379517, 0.3308924436569214, 0.31479164958000183, 0.3018554449081421, 0.27320876717567444, 0.33602383732795715, 0.2734356224536896, 0.26737135648727417, 0.2849547564983368, 0.27748650312423706, 0.26136913895606995, 0.2892072796821594, 0.2729334831237793, 0.24469448626041412, 0.2622032165527344, 0.30198541283607483, 0.26661545038223267, 0.2692226469516754, 0.2445618361234665, 0.23530037701129913, 0.2996913492679596, 0.24149565398693085, 0.2529526650905609, 0.27906277775764465, 0.274385005235672], "val_accuracy": [0.6896296143531799, 0.6977777481079102, 0.7362962961196899, 0.7392592430114746, 0.7170370221138, 0.7518518567085266, 0.7525925636291504, 0.7525925636291504, 0.7688888907432556, 0.7918518781661987, 0.7881481647491455, 0.7925925850868225, 0.8103703856468201, 0.7925925850868225, 0.8140740990638733, 0.7970370650291443, 0.8177777528762817, 0.8185185194015503, 0.8251851797103882, 0.8577777743339539, 0.8377777934074402, 0.8414815068244934, 0.8429629802703857, 0.8525925874710083, 0.872592568397522, 0.8459259271621704, 0.868148148059845, 0.8770370483398438, 0.8777777552604675, 0.8799999952316284, 0.8829629421234131, 0.8881481289863586, 0.8674073815345764, 0.8881481289863586, 0.902222216129303, 0.8874074220657349, 0.8733333349227905, 0.8955555558204651, 0.9007407426834106, 0.9081481695175171, 0.8933333158493042, 0.9170370101928711, 0.9074074029922485, 0.9007407426834106, 0.9037036895751953, 0.9140740633010864, 0.902222216129303, 0.9051851630210876, 0.9177777767181396, 0.9251852035522461, 0.902222216129303, 0.9170370101928711, 0.9118518233299255, 0.9185185432434082, 0.9274073839187622, 0.9044444561004639, 0.9274073839187622, 0.9207407236099243, 0.9229629635810852, 0.9274073839187622]}