{"loss": [1.0177966356277466, 0.7751808166503906, 0.7249802350997925, 0.6847753524780273, 0.6587213277816772, 0.6355289220809937, 0.6204814314842224, 0.607406735420227, 0.5886251330375671, 0.5725044012069702, 0.5625689625740051, 0.5577665567398071, 0.5513043999671936, 0.5396959781646729, 0.5310627222061157, 0.5228866338729858, 0.5191038250923157, 0.514056384563446, 0.5079553127288818, 0.49696123600006104, 0.4925503730773926, 0.4877898395061493, 0.47938522696495056, 0.47814539074897766, 0.472228467464447, 0.4688909649848938, 0.4609157145023346, 0.4563140273094177, 0.4504028558731079, 0.44858887791633606, 0.4409542977809906, 0.4290035665035248, 0.434807151556015, 0.4296858310699463, 0.42731302976608276, 0.4253695607185364, 0.42384815216064453, 0.4145360589027405, 0.40710991621017456, 0.4121190905570984, 0.4097546637058258, 0.4087378978729248, 0.40157148241996765, 0.3967225253582001, 0.40375804901123047, 0.3946970999240875, 0.3833003640174866, 0.3918817937374115, 0.38523057103157043, 0.3776562213897705, 0.3841046988964081, 0.3807504177093506, 0.3733767867088318, 0.3707868456840515, 0.3667982220649719, 0.3702337443828583, 0.360551655292511, 0.3661056160926819, 0.3667190968990326, 0.3604227304458618], "accuracy": [0.6727908253669739, 0.7281078100204468, 0.7403894066810608, 0.7512730956077576, 0.763454794883728, 0.7673490047454834, 0.7756365537643433, 0.7811282873153687, 0.7809286117553711, 0.7902146577835083, 0.7932102084159851, 0.7962056994438171, 0.7975037693977356, 0.8028956651687622, 0.8022965788841248, 0.8064902424812317, 0.8050923347473145, 0.8114827871322632, 0.8140788674354553, 0.8175736665725708, 0.8174737691879272, 0.8189715147018433, 0.8240638971328735, 0.8218672275543213, 0.8299550414085388, 0.8265601396560669, 0.8299550414085388, 0.834747850894928, 0.8330504298210144, 0.831752359867096, 0.831752359867096, 0.8415377140045166, 0.8357464075088501, 0.8388417363166809, 0.8374438285827637, 0.8466300368309021, 0.8443335294723511, 0.8461307883262634, 0.850024938583374, 0.848527193069458, 0.8451322913169861, 0.8466300368309021, 0.8506240844726562, 0.8530204892158508, 0.8474288582801819, 0.8530204892158508, 0.8579131364822388, 0.8540189862251282, 0.8535197377204895, 0.8613080382347107, 0.8555167317390442, 0.8602097034454346, 0.856315553188324, 0.8614078760147095, 0.860808789730072, 0.8619071245193481, 0.863005518913269, 0.8668996691703796, 0.8625062704086304, 0.8658012747764587], "val_loss": [0.6924716234207153, 0.7093246579170227, 0.6721171140670776, 0.8297144174575806, 0.7240548133850098, 0.6012157201766968, 0.6111369729042053, 0.6538236141204834, 0.8584755659103394, 0.5935283303260803, 0.6779340505599976, 0.5629721283912659, 0.5418255925178528, 0.6804205179214478, 0.5884493589401245, 0.663425624370575, 0.6085724234580994, 0.568729043006897, 0.6436026096343994, 0.5989354848861694, 0.5902122855186462, 0.6615442633628845, 0.6616730690002441, 0.5995403528213501, 0.5369211435317993, 0.6039067506790161, 0.5381143689155579, 0.5591004490852356, 0.6135342121124268, 0.6470698118209839, 0.6200394630432129, 0.539545476436615, 0.6214239597320557, 0.6705725789070129, 0.5944095849990845, 0.6777594089508057, 0.5570722222328186, 0.630551278591156, 0.641300618648529, 0.5681136846542358, 0.567966103553772, 0.6759482622146606, 0.6066599488258362, 0.6499029397964478, 0.5480127334594727, 0.5612568259239197, 0.6509115695953369, 0.607710599899292, 0.6096327900886536, 0.5919875502586365, 0.5830210447311401, 0.5997616052627563, 0.5372341275215149, 0.5453615188598633, 0.5158820748329163, 0.6038256287574768, 0.5330169796943665, 0.6060534715652466, 0.5873801112174988, 0.547389805316925], "val_accuracy": [0.748876690864563, 0.7578632235527039, 0.7693459987640381, 0.6944583058357239, 0.751872181892395, 0.7788317799568176, 0.7928107976913452, 0.745881199836731, 0.6565152406692505, 0.787319004535675, 0.7498751878738403, 0.7808287739753723, 0.7953070402145386, 0.7668496966362, 0.7833250164985657, 0.7568647265434265, 0.7743384838104248, 0.7793310284614563, 0.7638542056083679, 0.7793310284614563, 0.7703444957733154, 0.7523714303970337, 0.7738392353057861, 0.7743384838104248, 0.7998002767562866, 0.784323513507843, 0.8087868094444275, 0.781328022480011, 0.7733399868011475, 0.7678482532501221, 0.7928107976913452, 0.7988017797470093, 0.779830276966095, 0.754867672920227, 0.7893159985542297, 0.7628557085990906, 0.8042935729026794, 0.7933100461959839, 0.7838242650032043, 0.800798773765564, 0.7973040342330933, 0.7613579630851746, 0.7893159985542297, 0.7653519511222839, 0.8097853064537048, 0.813779354095459, 0.7763354778289795, 0.7958062887191772, 0.799301028251648, 0.8012980818748474, 0.8027958273887634, 0.8022965788841248, 0.816774845123291, 0.816774845123291, 0.8342486023902893, 0.7943085432052612, 0.8107838034629822, 0.7958062887191772, 0.8112830519676208, 0.816774845123291]}