{"loss": [0.9764947295188904, 0.847297728061676, 0.8152214884757996, 0.778673529624939, 0.7646145820617676, 0.7523006796836853, 0.7334567308425903, 0.7256325483322144, 0.7201313972473145, 0.7090193033218384, 0.692510187625885, 0.6927704811096191, 0.6832632422447205, 0.6778722405433655, 0.6774464845657349, 0.6627421379089355, 0.6593959927558899, 0.66230309009552, 0.658963680267334, 0.6497277021408081, 0.6404332518577576, 0.6391233801841736, 0.6356347799301147, 0.6285348534584045, 0.6279906034469604, 0.622488796710968, 0.6240201592445374, 0.6158663630485535, 0.6129961013793945, 0.6066464185714722, 0.5992003679275513, 0.5979527831077576, 0.5979644656181335, 0.5973129868507385, 0.5902432799339294, 0.5947157144546509, 0.5852639079093933, 0.5860019326210022, 0.5795801877975464, 0.5793395042419434, 0.5778123140335083, 0.5814337134361267, 0.5772037506103516, 0.569722056388855, 0.5738755464553833, 0.5660483837127686, 0.5680974125862122, 0.557717502117157, 0.5595123171806335, 0.5575270652770996, 0.5547160506248474, 0.5539743900299072, 0.5473138689994812, 0.5493582487106323, 0.550967276096344, 0.5528830289840698, 0.539554238319397, 0.5377887487411499, 0.5452896952629089, 0.5369064211845398], "accuracy": [0.6696954369544983, 0.7038442492485046, 0.7144283652305603, 0.7234148979187012, 0.7292062044143677, 0.735097348690033, 0.73729407787323, 0.7406889796257019, 0.7442835569381714, 0.7450823783874512, 0.754068911075592, 0.7507738471031189, 0.7507738471031189, 0.7599600553512573, 0.7577633261680603, 0.7597603797912598, 0.7601597309112549, 0.7615576386451721, 0.7630554437637329, 0.7664503455162048, 0.7671492695808411, 0.7679480910301208, 0.7682476043701172, 0.7717424035072327, 0.7707439064979553, 0.7708437442779541, 0.773539662361145, 0.7749375700950623, 0.7787318825721741, 0.7801297903060913, 0.7787318825721741, 0.7804293632507324, 0.7774338722229004, 0.7812281847000122, 0.7823265194892883, 0.7818272709846497, 0.7840239405632019, 0.7860209941864014, 0.7832251787185669, 0.7868197560310364, 0.7854218482971191, 0.7854218482971191, 0.790713906288147, 0.7936095595359802, 0.7890164852142334, 0.7869195938110352, 0.7920119762420654, 0.7933100461959839, 0.7937094569206238, 0.795906126499176, 0.7988017797470093, 0.7971043586730957, 0.8005990982055664, 0.7961058616638184, 0.7911133170127869, 0.7980030179023743, 0.7972041964530945, 0.8012980818748474, 0.796605110168457, 0.8001996874809265], "val_loss": [0.8421503901481628, 0.7691404223442078, 0.7328373193740845, 0.7752891182899475, 0.7126569747924805, 0.6597784161567688, 0.6689038872718811, 0.7394996285438538, 0.6407865881919861, 0.6418048739433289, 0.6619752049446106, 0.6156585216522217, 0.6536865830421448, 0.662818968296051, 0.668045699596405, 0.6188904047012329, 0.6298072338104248, 0.632927417755127, 0.6228899955749512, 0.6013942956924438, 0.6388893127441406, 0.6468965411186218, 0.6012479066848755, 0.6144495606422424, 0.6378169059753418, 0.5987349152565002, 0.6178313493728638, 0.6117265820503235, 0.6453366279602051, 0.5753149390220642, 0.6350407600402832, 0.6473742723464966, 0.6788670420646667, 0.7091731429100037, 0.7032994031906128, 0.707906186580658, 0.6010637283325195, 0.6235508918762207, 0.5454758405685425, 0.7266736030578613, 0.6768438816070557, 1.484784722328186, 1.4697688817977905, 0.5669596195220947, 0.718865156173706, 0.8423407077789307, 0.5425155758857727, 0.5933642387390137, 0.6434724926948547, 0.6715297698974609, 0.6674139499664307, 0.7441259026527405, 1.1329859495162964, 0.5565515160560608, 0.5836836695671082, 0.6051255464553833, 0.6570258140563965, 1.0872808694839478, 0.6480056643486023, 1.071328043937683], "val_accuracy": [0.7119321227073669, 0.717923104763031, 0.7418871521949768, 0.7299051284790039, 0.7428856492042542, 0.7633549571037292, 0.7478781938552856, 0.7428856492042542, 0.7668496966362, 0.7703444957733154, 0.7613579630851746, 0.7688467502593994, 0.7653519511222839, 0.7528706789016724, 0.7588617205619812, 0.7708437442779541, 0.7743384838104248, 0.7653519511222839, 0.7748377323150635, 0.782825767993927, 0.7668496966362, 0.7733399868011475, 0.7778332233428955, 0.7773339748382568, 0.7663504481315613, 0.784323513507843, 0.7833250164985657, 0.7793310284614563, 0.7708437442779541, 0.7923115491867065, 0.7723414897918701, 0.7748377323150635, 0.7713429927825928, 0.7628557085990906, 0.7558662295341492, 0.7668496966362, 0.7773339748382568, 0.7888167500495911, 0.7983025312423706, 0.7613579630851746, 0.7688467502593994, 0.7054418325424194, 0.7124313712120056, 0.7863205075263977, 0.7603594660758972, 0.7478781938552856, 0.8037943243980408, 0.7853220105171204, 0.7763354778289795, 0.7753369808197021, 0.7778332233428955, 0.7493759393692017, 0.7279081344604492, 0.7968047857284546, 0.7893159985542297, 0.7848227620124817, 0.7758362293243408, 0.7309036254882812, 0.7818272709846497, 0.7324013710021973]}