{"loss": [0.8672129511833191, 0.6738981604576111, 0.6181821227073669, 0.5788283944129944, 0.5469875931739807, 0.5212075114250183, 0.5069425106048584, 0.4890868663787842, 0.46222570538520813, 0.45263785123825073, 0.4401608407497406, 0.43121659755706787, 0.4199933409690857, 0.40432116389274597, 0.4063149392604828, 0.3901498019695282, 0.38345882296562195, 0.3775683045387268, 0.3653488755226135, 0.3535885214805603, 0.3488427400588989, 0.3403657078742981, 0.33452102541923523, 0.32651200890541077, 0.32431694865226746, 0.31530606746673584, 0.3226521909236908, 0.31017374992370605, 0.30360090732574463, 0.2929818034172058, 0.2952953279018402, 0.2829956114292145, 0.28667178750038147, 0.2818448543548584, 0.2705313563346863, 0.2716968059539795, 0.2673608362674713, 0.2600705623626709, 0.25025203824043274, 0.25950753688812256, 0.24939043819904327, 0.2545519471168518, 0.2506906986236572, 0.2374008744955063, 0.24756410717964172, 0.24263285100460052, 0.23394407331943512, 0.23558764159679413, 0.2259526550769806, 0.2322242259979248, 0.22328244149684906, 0.2217404842376709, 0.21960285305976868, 0.210366889834404, 0.2155803143978119, 0.21319885551929474, 0.20240715146064758, 0.21050557494163513, 0.20945602655410767, 0.2033197581768036], "accuracy": [0.6980529427528381, 0.7549675703048706, 0.7751373052597046, 0.7891163229942322, 0.7988017797470093, 0.8085871338844299, 0.8125811219215393, 0.8227658271789551, 0.831752359867096, 0.8326510190963745, 0.8348477482795715, 0.8422366380691528, 0.84403395652771, 0.8530204892158508, 0.8469296097755432, 0.8533200025558472, 0.8577134013175964, 0.8596105575561523, 0.8666999340057373, 0.8700948357582092, 0.8694957494735718, 0.872391402721405, 0.8751872181892395, 0.8769845366477966, 0.8812780976295471, 0.881677508354187, 0.8811782598495483, 0.8805791139602661, 0.8879680633544922, 0.8899650573730469, 0.8893659710884094, 0.8922616243362427, 0.8915626406669617, 0.8916624784469604, 0.8969545960426331, 0.898152768611908, 0.9000499248504639, 0.9022466540336609, 0.9067398905754089, 0.9031452536582947, 0.9067398905754089, 0.9028457403182983, 0.9052421450614929, 0.911233127117157, 0.9080379605293274, 0.9114328622817993, 0.9159260988235474, 0.9108337759971619, 0.919021487236023, 0.9122316241264343, 0.916425347328186, 0.917124330997467, 0.919820249080658, 0.924213707447052, 0.9184223413467407, 0.9221168160438538, 0.923514723777771, 0.9240139722824097, 0.9267099499702454, 0.9232151508331299], "val_loss": [0.6310185790061951, 0.6414085030555725, 0.6913962364196777, 0.6152167916297913, 0.535394549369812, 0.6718648672103882, 0.6232690811157227, 0.48929089307785034, 0.8113567233085632, 0.5173909664154053, 0.5589897632598877, 0.4882403016090393, 0.4801507294178009, 0.5924580693244934, 0.457491010427475, 0.47067415714263916, 0.5740617513656616, 0.46203428506851196, 0.5315972566604614, 0.5096426606178284, 0.4570598900318146, 0.48078709840774536, 0.47577181458473206, 0.46590378880500793, 0.43268677592277527, 0.4265495836734772, 0.4342738687992096, 0.4630456566810608, 0.485869824886322, 0.41150543093681335, 0.4635349214076996, 0.40296289324760437, 0.47240787744522095, 0.5237890481948853, 0.453817754983902, 0.4545695185661316, 0.42958277463912964, 0.4687744081020355, 0.5823739767074585, 0.4815531075000763, 0.4934905171394348, 0.5337690711021423, 0.4899033010005951, 0.4765391945838928, 0.5663627982139587, 0.462309330701828, 0.5727543830871582, 0.4056513011455536, 0.46763837337493896, 0.48743316531181335, 0.49102386832237244, 0.5072798132896423, 0.48618361353874207, 0.43688279390335083, 0.3937819004058838, 0.45757341384887695, 0.4519030749797821, 0.4919557273387909, 0.4033445715904236, 0.4741399884223938], "val_accuracy": [0.7728407382965088, 0.7728407382965088, 0.7423864006996155, 0.7663504481315613, 0.8177733421325684, 0.7513729333877563, 0.7808287739753723, 0.819770336151123, 0.6979530453681946, 0.8107838034629822, 0.7838242650032043, 0.8142786026000977, 0.8307538628578186, 0.7833250164985657, 0.8352471590042114, 0.8312531113624573, 0.8082875609397888, 0.8262606263160706, 0.813779354095459, 0.8157763481140137, 0.850723922252655, 0.8242636322975159, 0.8312531113624573, 0.8337493538856506, 0.8452321290969849, 0.847728431224823, 0.8537194132804871, 0.8282576203346252, 0.8242636322975159, 0.8537194132804871, 0.847728431224823, 0.8622066974639893, 0.8267598748207092, 0.8212680816650391, 0.8512231707572937, 0.8502246737480164, 0.8542186617851257, 0.8542186617851257, 0.8102845549583435, 0.8352471590042114, 0.833250105381012, 0.8187718391418457, 0.8412381410598755, 0.8402396440505981, 0.818272590637207, 0.8602097034454346, 0.8207688331604004, 0.8726909756660461, 0.8662006855010986, 0.8417373895645142, 0.849226176738739, 0.8447328805923462, 0.8577134013175964, 0.8582127094268799, 0.8662006855010986, 0.8597104549407959, 0.8532201647758484, 0.8422366380691528, 0.8706939816474915, 0.8597104549407959]}