{"loss": [0.8742854595184326, 0.8010322451591492, 0.7809389233589172, 0.7682149410247803, 0.752836287021637, 0.7363324165344238, 0.7348730564117432, 0.7275216579437256, 0.7120206356048584, 0.7154569029808044, 0.7118667364120483, 0.7048027515411377, 0.6921091675758362, 0.6940308213233948, 0.6935094594955444, 0.6935638785362244, 0.684722900390625, 0.6767582893371582, 0.6787309646606445, 0.6728625297546387, 0.6687415242195129, 0.663867712020874, 0.6666694283485413, 0.6580901741981506, 0.6529461145401001, 0.651816189289093, 0.647685706615448, 0.6498123407363892, 0.6513504981994629, 0.6424399018287659, 0.6396335959434509, 0.6394704580307007, 0.6188563704490662, 0.6274653077125549, 0.6336307525634766, 0.6243770122528076, 0.6299795508384705, 0.6171307563781738, 0.6221484541893005, 0.6185286641120911, 0.6212194561958313, 0.6237338781356812, 0.610266387462616, 0.6021334528923035, 0.6089073419570923, 0.5970219373703003, 0.6004117131233215, 0.6021947264671326, 0.5961155891418457, 0.5925149917602539, 0.5895342826843262, 0.5883007645606995, 0.5895061492919922, 0.5845897793769836, 0.5801581740379333, 0.5899655818939209, 0.586678683757782, 0.5802385210990906, 0.5669851303100586, 0.571631908416748], "accuracy": [0.6458847522735596, 0.6672839522361755, 0.6814814805984497, 0.674691379070282, 0.6853909492492676, 0.6921810507774353, 0.6905350089073181, 0.6979423761367798, 0.6952674984931946, 0.6993827223777771, 0.7020576000213623, 0.7074074149131775, 0.709876537322998, 0.7069959044456482, 0.7111111283302307, 0.712139904499054, 0.7158436179161072, 0.7209876775741577, 0.719753086566925, 0.7248971462249756, 0.7170782089233398, 0.7240740656852722, 0.7179012298583984, 0.7261316776275635, 0.7314814925193787, 0.7333333492279053, 0.7325102686882019, 0.731275737285614, 0.7288065552711487, 0.7323045134544373, 0.7323045134544373, 0.7337448596954346, 0.7438271641731262, 0.7388888597488403, 0.7355967164039612, 0.7454732656478882, 0.7362139821052551, 0.749382734298706, 0.7487654089927673, 0.748353898525238, 0.7355967164039612, 0.739506185054779, 0.7495884895324707, 0.7481481432914734, 0.7454732656478882, 0.750617265701294, 0.7518518567085266, 0.7524691224098206, 0.7508230209350586, 0.7545267343521118, 0.7580246925354004, 0.7629629373550415, 0.7574074268341064, 0.7602880597114563, 0.7590534687042236, 0.761522650718689, 0.7580246925354004, 0.7621399164199829, 0.7668724060058594, 0.7619341611862183], "val_loss": [0.9026415944099426, 0.8446877002716064, 0.8043032884597778, 0.8336391448974609, 0.7463915348052979, 0.8518670201301575, 0.7661540508270264, 0.7841007709503174, 0.7380848526954651, 0.7215103507041931, 0.7664551734924316, 0.7296463251113892, 0.7087221741676331, 0.7468663454055786, 0.8101090788841248, 0.819591224193573, 0.7070165276527405, 0.7665703892707825, 0.6666161417961121, 0.7109140753746033, 0.7647563219070435, 0.7175495028495789, 0.668860137462616, 0.7755185961723328, 0.7528534531593323, 0.6989868879318237, 0.6899767518043518, 0.7427666783332825, 0.7442471981048584, 0.768250048160553, 0.7603569626808167, 0.6584247946739197, 0.7848021388053894, 0.7212117910385132, 0.7073218822479248, 0.7788589596748352, 0.6755539178848267, 0.6996350884437561, 0.6444094181060791, 0.7621064186096191, 0.6997421383857727, 0.8818154335021973, 0.6482644081115723, 0.7776997685432434, 0.6911098957061768, 0.6519629955291748, 0.8408995270729065, 0.6892210841178894, 0.7217321395874023, 0.6631597876548767, 0.7772769331932068, 0.7443280220031738, 0.7125089168548584, 0.7763429284095764, 0.6573205590248108, 0.6541089415550232, 0.711273193359375, 0.6497409343719482, 1.0076013803482056, 0.6964461207389832], "val_accuracy": [0.6622222065925598, 0.6562963128089905, 0.6888889074325562, 0.6577777862548828, 0.6896296143531799, 0.6866666674613953, 0.6925926208496094, 0.6903703808784485, 0.6881481409072876, 0.6970370411872864, 0.6918518543243408, 0.712592601776123, 0.7007407546043396, 0.6940740942955017, 0.6933333277702332, 0.6992592811584473, 0.7059259414672852, 0.699999988079071, 0.7244444489479065, 0.7066666483879089, 0.6992592811584473, 0.7133333086967468, 0.7251851558685303, 0.6918518543243408, 0.7022222280502319, 0.7237036824226379, 0.7214815020561218, 0.7118518352508545, 0.7088888883590698, 0.7044444680213928, 0.6948148012161255, 0.7200000286102295, 0.7133333086967468, 0.7051851749420166, 0.712592601776123, 0.7066666483879089, 0.7259259223937988, 0.7148148417472839, 0.7377777695655823, 0.6925926208496094, 0.7274073958396912, 0.7081481218338013, 0.7222222089767456, 0.6837037205696106, 0.7266666889190674, 0.7274073958396912, 0.6311110854148865, 0.7192592620849609, 0.7333333492279053, 0.7325925827026367, 0.7081481218338013, 0.7222222089767456, 0.7244444489479065, 0.7148148417472839, 0.7362962961196899, 0.7288888692855835, 0.7140740752220154, 0.734074056148529, 0.7140740752220154, 0.7355555295944214]}