{"loss": [0.9097801446914673, 0.7240620851516724, 0.6638485193252563, 0.6174932718276978, 0.5814363956451416, 0.5552951097488403, 0.5311968922615051, 0.5095221996307373, 0.49350684881210327, 0.4693591892719269, 0.45133456587791443, 0.4523559510707855, 0.43454909324645996, 0.42020437121391296, 0.41622230410575867, 0.3929207921028137, 0.3908563554286957, 0.38003289699554443, 0.37346139550209045, 0.3614445626735687, 0.3572205603122711, 0.3495318591594696, 0.3401871919631958, 0.333534300327301, 0.3283480405807495, 0.3206934332847595, 0.3145306706428528, 0.30729401111602783, 0.29986459016799927, 0.2961040139198303, 0.29374489188194275, 0.2862485349178314, 0.27897128462791443, 0.28149715065956116, 0.26799798011779785, 0.2720680832862854, 0.2636808156967163, 0.2637350857257843, 0.24769671261310577, 0.2554131746292114, 0.24911059439182281, 0.2435353845357895, 0.24677802622318268, 0.2394113838672638, 0.2499578297138214, 0.24180597066879272, 0.23101532459259033, 0.22914348542690277, 0.21526925265789032, 0.22175152599811554, 0.21908985078334808, 0.2182593047618866, 0.21094858646392822, 0.20354507863521576, 0.20154395699501038, 0.20610198378562927, 0.19959868490695953, 0.20129719376564026, 0.1968836486339569, 0.1934145838022232], "accuracy": [0.6984522938728333, 0.7475786209106445, 0.7621567845344543, 0.7765352129936218, 0.790713906288147, 0.8062905669212341, 0.8097853064537048, 0.8172740936279297, 0.8201697468757629, 0.829056441783905, 0.8388417363166809, 0.8349475860595703, 0.8387418985366821, 0.8495256900787354, 0.8484273552894592, 0.8528207540512085, 0.8574138879776001, 0.8624063730239868, 0.8632051944732666, 0.8704942464828491, 0.8674987554550171, 0.8694957494735718, 0.8797803521156311, 0.8805791139602661, 0.8760858774185181, 0.8830754160881042, 0.8841737508773804, 0.88736891746521, 0.8921617865562439, 0.8929605484008789, 0.8949575424194336, 0.8950574398040771, 0.900349497795105, 0.8987518548965454, 0.9022466540336609, 0.90114825963974, 0.9073389768600464, 0.9055416584014893, 0.9113330245018005, 0.9095357060432434, 0.9059410691261292, 0.9101347923278809, 0.9108337759971619, 0.9158262610435486, 0.9106340408325195, 0.9135296940803528, 0.9172241687774658, 0.9173240065574646, 0.9222166538238525, 0.9194208979606628, 0.9210184812545776, 0.9195207357406616, 0.9238142967224121, 0.928007960319519, 0.9300050139427185, 0.926510214805603, 0.9274088740348816, 0.9295057654380798, 0.9258112907409668, 0.9323015213012695], "val_loss": [0.6984989643096924, 0.612377941608429, 0.5601869225502014, 0.540311336517334, 0.5139780044555664, 0.46262118220329285, 0.46229732036590576, 0.4095766544342041, 0.43282490968704224, 0.4100643992424011, 0.4173195958137512, 0.37833085656166077, 0.3926450312137604, 0.4006326496601105, 0.3629169464111328, 0.3807562291622162, 0.376205712556839, 0.37922704219818115, 0.37914225459098816, 0.3553127646446228, 0.36289307475090027, 0.3692065179347992, 0.3664920926094055, 0.3665199279785156, 0.3650144040584564, 0.31736335158348083, 0.3474118411540985, 0.32140329480171204, 0.3117072582244873, 0.32730555534362793, 0.320244699716568, 0.3329050540924072, 0.3184327483177185, 0.3464778661727905, 0.3205183446407318, 0.31812652945518494, 0.3214130401611328, 0.31833207607269287, 0.36102110147476196, 0.3395497500896454, 0.33618494868278503, 0.3616682291030884, 0.34710371494293213, 0.3357507884502411, 0.3619369864463806, 0.3260539770126343, 0.31507226824760437, 0.3051985800266266, 0.3164304196834564, 0.343361496925354, 0.3047349750995636, 0.31910115480422974, 0.32706964015960693, 0.32935160398483276, 0.298644483089447, 0.2993081510066986, 0.3260829448699951, 0.3172895610332489, 0.3066025376319885, 0.29417404532432556], "val_accuracy": [0.7638542056083679, 0.7938092947006226, 0.8082875609397888, 0.8142786026000977, 0.8212680816650391, 0.8302546143531799, 0.8337493538856506, 0.8552171587944031, 0.8412381410598755, 0.8572141528129578, 0.8517224192619324, 0.864203691482544, 0.8572141528129578, 0.8587119579315186, 0.8637044429779053, 0.8647029399871826, 0.8627059459686279, 0.8577134013175964, 0.8617074489593506, 0.8746879696846008, 0.868696928024292, 0.8676984310150146, 0.8721917271614075, 0.86570143699646, 0.867199182510376, 0.8851722478866577, 0.8751872181892395, 0.8776834607124329, 0.8841737508773804, 0.8866699934005737, 0.8881677389144897, 0.881677508354187, 0.884672999382019, 0.8731902241706848, 0.883175253868103, 0.883175253868103, 0.8866699934005737, 0.8861707448959351, 0.8746879696846008, 0.8826760053634644, 0.8836745023727417, 0.8696954846382141, 0.8811782598495483, 0.8841737508773804, 0.8801797032356262, 0.8861707448959351, 0.884672999382019, 0.8921617865562439, 0.8906639814376831, 0.8806789517402649, 0.8956565260887146, 0.8901647329330444, 0.8896654844284058, 0.8886669874191284, 0.8946580290794373, 0.898152768611908, 0.8856714963912964, 0.8896654844284058, 0.8976535201072693, 0.8896654844284058]}